date,apprehended_cbp,in_cbp_custody,transferred_out_cbp,in_hhs_care,discharged_hhs,dow,is_weekend,year_month,transfer_efficiency_ratio,discharge_effectiveness,total_entries,total_exits,pipeline_throughput,net_cbp_flow,net_hhs_flow,cbp_backlog_cum,hhs_backlog_cum,discharge_eff_roll30,discharge_eff_roll_std30,transfer_eff_roll30
2023-01-12,33.0,53.0,34.0,6566.0,436.0,Thursday,False,2023-01,0.6415094339622641,0.06640268047517514,67.0,470.0,7.014925373134329,-1.0,-402.0,-1.0,-402.0,,,
2023-01-22,32.0,49.0,39.0,7122.0,227.0,Sunday,True,2023-01,0.7959183673469388,0.031873069362538614,71.0,266.0,3.7464788732394365,-7.0,-188.0,-8.0,-590.0,,,
2023-01-23,32.0,50.0,39.0,7280.0,181.0,Monday,False,2023-01,0.78,0.02486263736263736,71.0,220.0,3.0985915492957745,-7.0,-142.0,-15.0,-732.0,,,
2023-01-24,47.0,42.0,47.0,7433.0,175.0,Tuesday,False,2023-01,1.119047619047619,0.023543656666218216,94.0,222.0,2.3617021276595747,0.0,-128.0,-15.0,-860.0,,,
2023-01-25,20.0,22.0,41.0,7538.0,180.0,Wednesday,False,2023-01,1.8636363636363635,0.02387901300079597,61.0,221.0,3.622950819672131,-21.0,-139.0,-36.0,-999.0,,,
2023-01-29,23.0,45.0,11.0,7472.0,303.0,Sunday,True,2023-01,0.24444444444444444,0.04055139186295503,34.0,314.0,9.235294117647058,12.0,-292.0,-24.0,-1291.0,,,
2023-01-30,34.0,54.0,29.0,7743.0,196.0,Monday,False,2023-01,0.5370370370370371,0.025313186103577426,63.0,225.0,3.5714285714285716,5.0,-167.0,-19.0,-1458.0,,,
2023-01-31,26.0,36.0,36.0,7803.0,158.0,Tuesday,False,2023-01,1.0,0.020248622324746893,62.0,194.0,3.129032258064516,-10.0,-122.0,-29.0,-1580.0,,,
2023-02-01,25.0,32.0,27.0,7903.0,231.0,Wednesday,False,2023-02,0.84375,0.029229406554472984,52.0,258.0,4.961538461538462,-2.0,-204.0,-31.0,-1784.0,,,
2023-02-02,15.0,13.0,23.0,7879.0,298.0,Thursday,False,2023-02,1.7692307692307692,0.03782205863688285,38.0,321.0,8.447368421052632,-8.0,-275.0,-39.0,-2059.0,0.03237257223500005,0.013614052247403908,0.9594574034705436
2023-02-05,16.0,18.0,15.0,7586.0,342.0,Sunday,True,2023-02,0.8333333333333334,0.04508304771948326,31.0,357.0,11.516129032258064,1.0,-327.0,-38.0,-2386.0,0.033528070006316704,0.013472011833064667,0.9479915789126153
2023-02-06,11.0,22.0,12.0,7720.0,196.0,Monday,False,2023-02,0.5454545454545454,0.02538860103626943,23.0,208.0,9.043478260869565,-1.0,-184.0,-39.0,-2570.0,0.03284978092547943,0.013058195164481297,0.914446826124443
2023-02-07,16.0,20.0,20.0,7855.0,200.0,Tuesday,False,2023-02,1.0,0.025461489497135583,36.0,220.0,6.111111111111111,-4.0,-180.0,-43.0,-2750.0,0.03228145081560683,0.012669086168838328,0.9210278394994857
2023-02-08,93.0,196.0,169.0,7915.0,317.0,Wednesday,False,2023-02,0.8622448979591837,0.04005053695514845,262.0,486.0,1.8549618320610688,-76.0,-148.0,-119.0,-2898.0,0.0328363855398598,0.01234789392198113,0.9168290579608928
2023-02-09,124.0,234.0,161.0,7908.0,353.0,Thursday,False,2023-02,0.688034188034188,0.044638340920586744,285.0,514.0,1.8035087719298246,-37.0,-192.0,-156.0,-3090.0,0.03362318256524159,0.012282730918511758,0.9015760666324457
2023-02-12,92.0,203.0,173.0,7434.0,317.0,Sunday,True,2023-02,0.8522167487684729,0.042641915523271456,265.0,490.0,1.849056603773585,-81.0,-144.0,-237.0,-3234.0,0.03418685337511846,0.012078550274735358,0.8984911092659474
2023-02-13,186.0,259.0,172.0,7483.0,244.0,Monday,False,2023-02,0.6640926640926641,0.03260724308432447,358.0,416.0,1.1620111731843576,14.0,-72.0,-223.0,-3306.0,0.03409393512271881,0.011701279430933858,0.8847029654322248
2023-02-14,154.0,225.0,220.0,7794.0,223.0,Tuesday,False,2023-02,0.9777777777777777,0.02861175263022838,374.0,443.0,1.1844919786096257,-66.0,-3.0,-289.0,-3309.0,0.03378936942869157,0.011425213822939498,0.8898737883403113
2023-02-15,91.0,199.0,172.0,7869.0,290.0,Wednesday,False,2023-02,0.864321608040201,0.036853475663997964,263.0,462.0,1.7566539923954372,-81.0,-118.0,-370.0,-3427.0,0.03395063817791823,0.011125541903753798,0.8885289367455685
2023-02-16,81.0,213.0,153.0,7793.0,361.0,Thursday,False,2023-02,0.7183098591549296,0.046323623764917235,234.0,514.0,2.1965811965811968,-72.0,-208.0,-442.0,-3635.0,0.03456928745726817,0.01117665452595522,0.8800179828660365
2023-02-20,209.0,285.0,184.0,7817.0,209.0,Monday,False,2023-02,0.6456140350877193,0.02673659971856211,393.0,393.0,1.0,25.0,-25.0,-417.0,-3660.0,0.0341963023268536,0.011026930766566256,0.8688558901146882
2023-02-21,184.0,314.0,217.0,7967.0,213.0,Tuesday,False,2023-02,0.6910828025477707,0.02673528304255052,401.0,430.0,1.0723192019950125,-33.0,4.0,-450.0,-3656.0,0.03385716508665801,0.010878113767439575,0.8607752952252827
2023-02-22,107.0,215.0,230.0,7978.0,232.0,Wednesday,False,2023-02,1.069767441860465,0.029079969917272498,337.0,462.0,1.370919881305638,-123.0,-2.0,-573.0,-3658.0,0.03364946094885864,0.010674587265530076,0.8698619102963777
2023-02-23,101.0,162.0,178.0,7914.0,386.0,Thursday,False,2023-02,1.0987654320987654,0.04877432398281526,279.0,564.0,2.021505376344086,-77.0,-208.0,-650.0,-3866.0,0.03427966357527349,0.010886888096427209,0.8793995570381439
2023-02-26,99.0,190.0,176.0,7609.0,323.0,Sunday,True,2023-02,0.9263157894736842,0.04244973058220528,275.0,499.0,1.8145454545454545,-77.0,-147.0,-727.0,-4013.0,0.03460646625555077,0.0107821991434509,0.8812762063355655
2023-02-27,167.0,239.0,166.0,7800.0,248.0,Monday,False,2023-02,0.694560669456067,0.031794871794871796,333.0,414.0,1.2432432432432432,1.0,-82.0,-726.0,-4095.0,0.03449832800706311,0.010578734637692138,0.8740948395325078
2023-02-28,115.0,216.0,169.0,7896.0,200.0,Tuesday,False,2023-02,0.7824074074074074,0.025329280648429583,284.0,369.0,1.2992957746478873,-54.0,-31.0,-780.0,-4126.0,0.034158733660447055,0.01052231755728619,0.8706990087130597
2023-03-01,84.0,158.0,193.0,7930.0,307.0,Wednesday,False,2023-03,1.2215189873417722,0.03871374527112232,277.0,500.0,1.8050541516245486,-109.0,-114.0,-889.0,-4240.0,0.0343214126465426,0.010361441095052602,0.8832282936640851
2023-03-02,130.0,227.0,192.0,7870.0,335.0,Thursday,False,2023-03,0.8458149779735683,0.042566709021601014,322.0,527.0,1.6366459627329193,-62.0,-143.0,-951.0,-4383.0,0.03460573321119979,0.010289290665680437,0.8819381793299294
2023-03-07,88.0,214.0,160.0,7859.0,259.0,Tuesday,False,2023-03,0.7476635514018691,0.03295584679984731,248.0,419.0,1.689516129032258,-72.0,-99.0,-1023.0,-4482.0,0.034550736997488035,0.010114819198180813,0.877462358398994
2023-03-08,113.0,208.0,159.0,7885.0,291.0,Wednesday,False,2023-03,0.7644230769230769,0.03690551680405834,272.0,450.0,1.6544117647058822,-46.0,-132.0,-1069.0,-4614.0,0.03356749820845081,0.00815575401721103,0.8815594798310211
2023-03-09,174.0,285.0,150.0,7786.0,340.0,Thursday,False,2023-03,0.5263157894736842,0.043668122270742356,324.0,490.0,1.5123456790123457,24.0,-190.0,-1045.0,-4804.0,0.03396066663872426,0.008353168837045254,0.872572727235246
2023-03-13,104.0,230.0,206.0,7567.0,249.0,Monday,False,2023-03,0.8956521739130435,0.032906039381525046,310.0,455.0,1.467741935483871,-102.0,-43.0,-1147.0,-4847.0,0.03422878003935386,0.008178333480564855,0.8764277996990141
2023-03-14,147.0,276.0,214.0,7810.0,181.0,Tuesday,False,2023-03,0.7753623188405797,0.023175416133162614,361.0,395.0,1.0941828254847645,-67.0,33.0,-1214.0,-4814.0,0.03421650535491868,0.008195182540239904,0.864971623025446
2023-03-15,108.0,220.0,213.0,7915.0,286.0,Wednesday,False,2023-03,0.9681818181818181,0.0361339229311434,321.0,499.0,1.5545171339563864,-105.0,-73.0,-1319.0,-4887.0,0.03462500235259692,0.00796430860961067,0.8351231381769612
2023-03-16,180.0,280.0,146.0,7989.0,308.0,Thursday,False,2023-03,0.5214285714285715,0.03855301038928527,326.0,454.0,1.392638036809816,34.0,-162.0,-1285.0,-5049.0,0.03455838963680793,0.007921272481665851,0.8443559424097654
2023-03-19,134.0,294.0,186.0,7885.0,306.0,Sunday,True,2023-03,0.6326530612244898,0.03880786303107166,320.0,492.0,1.5375,-52.0,-120.0,-1337.0,-5169.0,0.03500821220105774,0.007759675161423458,0.8475431432160139
2023-03-20,202.0,313.0,158.0,7931.0,279.0,Monday,False,2023-03,0.5047923322683706,0.03517841381919052,360.0,437.0,1.2138888888888888,44.0,-121.0,-1293.0,-5290.0,0.03550587191753919,0.007241922299541312,0.8310362209582929
2023-03-21,110.0,272.0,193.0,8050.0,221.0,Tuesday,False,2023-03,0.7095588235294118,0.02745341614906832,303.0,414.0,1.3663366336633664,-83.0,-28.0,-1376.0,-5318.0,0.03544667223735903,0.007302008716479239,0.8265631817426067
2023-03-22,166.0,277.0,229.0,8097.0,246.0,Wednesday,False,2023-03,0.8267148014440433,0.030381622823267878,395.0,475.0,1.2025316455696202,-63.0,-17.0,-1439.0,-5335.0,0.035198657710238536,0.007344778901911309,0.7951459828163825
2023-03-23,136.0,276.0,178.0,8102.0,331.0,Thursday,False,2023-03,0.644927536231884,0.040854110096272524,314.0,509.0,1.6210191082802548,-42.0,-153.0,-1481.0,-5488.0,0.03505769312279818,0.007187427677139837,0.7888657895796675
2023-03-26,87.0,246.0,173.0,7847.0,352.0,Sunday,True,2023-03,0.7032520325203252,0.04485790748056582,260.0,525.0,2.019230769230769,-86.0,-179.0,-1567.0,-5667.0,0.03570667000427472,0.007163201248596763,0.7941257058151936
2023-03-27,84.0,171.0,157.0,7994.0,235.0,Monday,False,2023-03,0.9181286549707602,0.02939704778583938,241.0,392.0,1.6265560165975104,-73.0,-78.0,-1640.0,-5745.0,0.03583785528056485,0.007003357405000533,0.7913966609808855
2023-03-28,167.0,209.0,157.0,8079.0,223.0,Tuesday,False,2023-03,0.7511961722488039,0.02760242604282708,324.0,380.0,1.1728395061728396,10.0,-66.0,-1630.0,-5811.0,0.03542291825015414,0.007113061950372636,0.7876950367905394
2023-03-29,109.0,245.0,159.0,8208.0,267.0,Wednesday,False,2023-03,0.6489795918367347,0.03252923976608187,268.0,426.0,1.5895522388059702,-50.0,-108.0,-1680.0,-5919.0,0.03501928154500398,0.0069128454679961565,0.786393216917291
2023-03-30,156.0,256.0,176.0,8158.0,359.0,Thursday,False,2023-03,0.6875,0.04400588379504781,332.0,535.0,1.6114457831325302,-20.0,-183.0,-1700.0,-6102.0,0.035064747154063186,0.006968965685520975,0.7809026586250085
2023-04-02,125.0,232.0,192.0,7981.0,304.0,Sunday,True,2023-04,0.8275862068965517,0.03809046485402832,317.0,496.0,1.5646687697160884,-67.0,-112.0,-1767.0,-6214.0,0.035247521213053315,0.00697419245034989,0.7863524433851381
2023-04-03,118.0,139.0,168.0,8054.0,284.0,Monday,False,2023-04,1.20863309352518,0.03526198162403774,286.0,452.0,1.5804195804195804,-50.0,-116.0,-1817.0,-6330.0,0.03546919551284697,0.006860768151584309,0.7940476205767182
2023-04-04,142.0,235.0,139.0,8068.0,259.0,Tuesday,False,2023-04,0.5914893617021276,0.03210213187902826,281.0,398.0,1.416370106761566,3.0,-120.0,-1814.0,-6450.0,0.035310817386681306,0.006882517648601181,0.7849532123654492
2023-04-05,148.0,245.0,175.0,8175.0,260.0,Wednesday,False,2023-04,0.7142857142857143,0.031804281345565746,323.0,435.0,1.346749226006192,-27.0,-85.0,-1841.0,-6535.0,0.03482683930603625,0.006585483705751081,0.784819074203142
2023-04-06,119.0,219.0,210.0,8178.0,284.0,Thursday,False,2023-04,0.958904109589041,0.0347273171924676,329.0,494.0,1.5015197568389058,-91.0,-74.0,-1932.0,-6609.0,0.035093196555166434,0.0064061361103514266,0.7952620766865194
2023-04-09,105.0,210.0,149.0,7900.0,329.0,Sunday,True,2023-04,0.7095238095238096,0.04164556962025316,254.0,478.0,1.8818897637795275,-44.0,-180.0,-1976.0,-6789.0,0.03559020610775653,0.006313060178503627,0.7958767769190539
2023-04-10,143.0,203.0,163.0,7826.0,265.0,Monday,False,2023-04,0.8029556650246306,0.03386148734985944,306.0,428.0,1.3986928104575163,-20.0,-102.0,-1996.0,-6891.0,0.035749590022176085,0.006202419805948892,0.7869830510245261
2023-04-11,119.0,209.0,152.0,7922.0,187.0,Tuesday,False,2023-04,0.7272727272727273,0.023605150214592276,271.0,339.0,1.2509225092250922,-33.0,-35.0,-2029.0,-6926.0,0.034910617563235324,0.006080941998023202,0.7745999608636583
2023-04-12,155.0,212.0,181.0,7876.0,283.0,Wednesday,False,2023-04,0.8537735849056604,0.035931945149822245,336.0,464.0,1.380952380952381,-26.0,-102.0,-2055.0,-7028.0,0.03469335804882256,0.005916507141608959,0.7721818873780575
2023-04-13,109.0,214.0,173.0,7795.0,370.0,Thursday,False,2023-04,0.8084112149532711,0.04746632456703015,282.0,543.0,1.925531914893617,-64.0,-197.0,-2119.0,-7225.0,0.0352157398078945,0.006329208742802779,0.7759769055612976
2023-04-16,191.0,283.0,192.0,7380.0,272.0,Sunday,True,2023-04,0.6784452296819788,0.03685636856368564,383.0,464.0,1.2114882506527416,-1.0,-80.0,-2120.0,-7305.0,0.035599976071736365,0.006052152876565237,0.7725114996371166
2023-04-17,170.0,297.0,196.0,7344.0,248.0,Monday,False,2023-04,0.6599326599326599,0.03376906318082789,366.0,444.0,1.2131147540983607,-26.0,-52.0,-2146.0,-7357.0,0.035435153335393224,0.006031725795676844,0.7537919553901463
2023-04-18,152.0,272.0,214.0,7376.0,234.0,Tuesday,False,2023-04,0.7867647058823529,0.03172451193058568,366.0,448.0,1.2240437158469946,-62.0,-20.0,-2208.0,-7377.0,0.035073746765692713,0.0059133428845097435,0.7518236129871058
2023-04-19,239.0,367.0,224.0,7356.0,229.0,Wednesday,False,2023-04,0.6103542234332425,0.0311310494834149,463.0,453.0,0.978401727861771,15.0,-5.0,-2193.0,-7382.0,0.0350129201884783,0.005945179047920524,0.7472466353881515
2023-04-20,113.0,280.0,237.0,7490.0,320.0,Thursday,False,2023-04,0.8464285714285714,0.042723631508678236,350.0,557.0,1.5914285714285714,-124.0,-83.0,-2317.0,-7465.0,0.035206857345298964,0.006101877218029871,0.749980151871668
2023-04-23,196.0,306.0,187.0,7534.0,266.0,Sunday,True,2023-04,0.6111111111111112,0.03530661003451022,383.0,453.0,1.1827676240208878,9.0,-79.0,-2308.0,-7544.0,0.034928140270757885,0.005889326148927193,0.7528066625929155
2023-04-24,236.0,330.0,222.0,7796.0,213.0,Monday,False,2023-04,0.6727272727272727,0.027321703437660338,458.0,435.0,0.9497816593886463,14.0,9.0,-2294.0,-7535.0,0.034741995739295733,0.0060417233435975035,0.7453758325533898
2023-04-25,81.0,230.0,242.0,8017.0,202.0,Tuesday,False,2023-04,1.0521739130434782,0.025196457527753523,323.0,444.0,1.3746130030959753,-161.0,40.0,-2455.0,-7495.0,0.0348093637857821,0.0059183105412251805,0.7546028856934865
2023-04-26,118.0,245.0,160.0,8117.0,256.0,Wednesday,False,2023-04,0.6530612244897959,0.03153874584205987,278.0,416.0,1.4964028776978417,-42.0,-96.0,-2497.0,-7591.0,0.03465619121614598,0.0059422630657377665,0.7440988659037525
2023-04-27,218.0,283.0,208.0,8159.0,310.0,Thursday,False,2023-04,0.734982332155477,0.03799485231033215,426.0,518.0,1.215962441314554,10.0,-102.0,-2487.0,-7693.0,0.03463758594684754,0.005930503535878112,0.7512173245946492
2023-04-30,132.0,243.0,183.0,8352.0,293.0,Sunday,True,2023-04,0.7530864197530864,0.03508141762452107,315.0,476.0,1.511111111111111,-51.0,-110.0,-2538.0,-7803.0,0.03451337109996252,0.005878946038652126,0.7552317698789358
2023-05-01,224.0,315.0,152.0,8492.0,237.0,Monday,False,2023-05,0.48253968253968255,0.027908619877531796,376.0,389.0,1.0345744680851063,72.0,-85.0,-2466.0,-7888.0,0.03427104463524056,0.005999186676665041,0.7544900148879795
2023-05-02,167.0,326.0,213.0,8654.0,245.0,Tuesday,False,2023-05,0.6533742331288344,0.028310607811416685,380.0,458.0,1.2052631578947368,-46.0,-32.0,-2512.0,-7920.0,0.03429961769065218,0.0059675537616093715,0.7526171952079603
2023-05-03,209.0,353.0,232.0,8704.0,267.0,Wednesday,False,2023-05,0.6572237960339944,0.030675551470588234,441.0,499.0,1.1315192743764173,-23.0,-35.0,-2535.0,-7955.0,0.03430941531222952,0.005961137161297181,0.7469674950276254
2023-05-04,153.0,253.0,286.0,8790.0,332.0,Thursday,False,2023-05,1.1304347826086956,0.03777019340159272,439.0,618.0,1.4077448747152619,-133.0,-46.0,-2668.0,-8001.0,0.03420661808907353,0.005870283047023657,0.7631510699068523
2023-05-07,180.0,337.0,219.0,8485.0,375.0,Sunday,True,2023-05,0.6498516320474778,0.04419563936358279,399.0,594.0,1.4887218045112782,-39.0,-156.0,-2707.0,-8157.0,0.034184542485174094,0.005829953654709278,0.7613710565577575
2023-05-08,133.0,287.0,189.0,8590.0,261.0,Monday,False,2023-05,0.6585365853658537,0.03038416763678696,322.0,450.0,1.3975155279503106,-56.0,-72.0,-2763.0,-8229.0,0.03421744648020568,0.005804732588129569,0.7527179875709272
2023-05-09,187.0,310.0,247.0,8606.0,250.0,Tuesday,False,2023-05,0.7967741935483871,0.029049500348594003,434.0,497.0,1.1451612903225807,-60.0,-3.0,-2823.0,-8232.0,0.03426568229039791,0.005753655699076249,0.75423725494758
2023-05-10,168.0,285.0,210.0,8681.0,304.0,Wednesday,False,2023-05,0.7368421052631579,0.03501900702684022,378.0,514.0,1.3597883597883598,-42.0,-94.0,-2865.0,-8326.0,0.03434867453242319,0.005745696132467948,0.7571660053951275
2023-05-11,269.0,412.0,204.0,8672.0,392.0,Thursday,False,2023-05,0.49514563106796117,0.045202952029520294,473.0,596.0,1.2600422832980973,65.0,-188.0,-2800.0,-8514.0,0.03438857680690561,0.005818767439248378,0.7507541930973929
2023-05-14,100.0,255.0,236.0,8445.0,288.0,Sunday,True,2023-05,0.9254901960784314,0.03410301953818828,336.0,524.0,1.5595238095238095,-136.0,-52.0,-2936.0,-8566.0,0.034255661963044276,0.005776680701896928,0.7540176594034556
2023-05-15,205.0,294.0,177.0,8571.0,277.0,Monday,False,2023-05,0.6020408163265306,0.03231828258079571,382.0,454.0,1.1884816753926701,28.0,-100.0,-2908.0,-8666.0,0.03415753866160287,0.005783994181807985,0.7337979168301672
2023-05-16,161.0,304.0,211.0,8572.0,272.0,Tuesday,False,2023-05,0.694078947368421,0.03173121791880541,372.0,483.0,1.2983870967741935,-50.0,-61.0,-2958.0,-8727.0,0.03414517486292878,0.00578893362093458,0.7372175696857102
2023-05-17,57.0,162.0,193.0,8569.0,307.0,Wednesday,False,2023-05,1.191358024691358,0.03582681759831952,250.0,500.0,2.0,-136.0,-114.0,-3094.0,-8841.0,0.034279259404687235,0.005779421285488948,0.7531199800325651
2023-05-18,80.0,122.0,152.0,8474.0,351.0,Thursday,False,2023-05,1.2459016393442623,0.041420816615529855,232.0,503.0,2.168103448275862,-72.0,-199.0,-3166.0,-9040.0,0.03450237605212265,0.005924691913780841,0.7626865643577392
2023-05-21,107.0,170.0,133.0,7826.0,343.0,Sunday,True,2023-05,0.7823529411764706,0.04382826475849732,240.0,476.0,1.9833333333333334,-26.0,-210.0,-3192.0,-9250.0,0.03457513255673079,0.006027939072714552,0.7651142020794945
2023-05-22,99.0,156.0,139.0,7848.0,240.0,Monday,False,2023-05,0.8910256410256411,0.03058103975535168,238.0,379.0,1.5924369747899159,-40.0,-101.0,-3232.0,-9351.0,0.03446578430358052,0.006070931903346759,0.7680498679461949
2023-05-23,25.0,66.0,94.0,7788.0,246.0,Tuesday,False,2023-05,1.4242424242424243,0.031587057010785825,119.0,340.0,2.857142857142857,-69.0,-152.0,-3301.0,-9503.0,0.03473184786345364,0.005744683342768424,0.791282191178518
2023-05-24,35.0,70.0,53.0,7709.0,276.0,Wednesday,False,2023-05,0.7571428571428571,0.0358023089894928,88.0,329.0,3.7386363636363638,-18.0,-223.0,-3319.0,-9726.0,0.034727526658109326,0.005743798178344013,0.7880611669197578
2023-05-25,43.0,73.0,64.0,7546.0,408.0,Thursday,False,2023-05,0.8767123287671232,0.05406838059899284,107.0,472.0,4.411214953271028,-21.0,-344.0,-3340.0,-10070.0,0.034947595192508084,0.006343837797683409,0.790337870713553
2023-05-29,41.0,60.0,71.0,6996.0,207.0,Monday,False,2023-05,1.1833333333333333,0.029588336192109776,112.0,278.0,2.482142857142857,-30.0,-136.0,-3370.0,-10206.0,0.03470532744678889,0.0064068968590927965,0.8071674741685981
2023-05-30,65.0,83.0,65.0,7046.0,168.0,Tuesday,False,2023-05,0.7831325301204819,0.023843315356230486,130.0,233.0,1.7923076923076924,0.0,-103.0,-3370.0,-10309.0,0.034374469185968974,0.006706209664198982,0.8112741365081922
2023-05-31,38.0,80.0,82.0,7053.0,210.0,Wednesday,False,2023-05,1.025,0.029774564015312633,120.0,292.0,2.433333333333333,-44.0,-128.0,-3414.0,-10437.0,0.03430947092212654,0.006742132847432129,0.8192153129787805
2023-06-01,56.0,82.0,68.0,7002.0,287.0,Thursday,False,2023-06,0.8292682926829268,0.040988289060268496,124.0,355.0,2.8629032258064515,-12.0,-219.0,-3426.0,-10656.0,0.034638045574688324,0.006821618056745584,0.8265124486204366
2023-06-04,74.0,103.0,80.0,6555.0,292.0,Sunday,True,2023-06,0.7766990291262136,0.04454614797864226,154.0,372.0,2.4155844155844157,-6.0,-212.0,-3432.0,-10868.0,0.03469879612368712,0.006903729099568399,0.8241881305436913
2023-06-05,68.0,107.0,102.0,6523.0,189.0,Monday,False,2023-06,0.9532710280373832,0.02897439828299862,170.0,291.0,1.7117647058823529,-34.0,-87.0,-3466.0,-10955.0,0.03448772239863674,0.006980874162958258,0.8355934611079003
2023-06-06,92.0,124.0,93.0,6508.0,187.0,Tuesday,False,2023-06,0.75,0.028733866011063307,185.0,280.0,1.5135135135135136,-1.0,-94.0,-3467.0,-11049.0,0.03453479448441684,0.006935501076879843,0.838169218683658
2023-06-07,113.0,162.0,107.0,6483.0,208.0,Wednesday,False,2023-06,0.6604938271604939,0.032083911769242635,220.0,315.0,1.4318181818181819,6.0,-101.0,-3461.0,-11150.0,0.034764376292466474,0.00672656887277243,0.8251132158208918
2023-06-08,106.0,196.0,131.0,6446.0,255.0,Thursday,False,2023-06,0.6683673469387755,0.0395594166925225,237.0,386.0,1.628691983122363,-25.0,-124.0,-3486.0,-11274.0,0.03503173198748189,0.0067532839618454285,0.8256234199025244
2023-06-11,86.0,152.0,168.0,6007.0,238.0,Sunday,True,2023-06,1.105263157894737,0.039620442816713834,254.0,406.0,1.5984251968503937,-82.0,-70.0,-3568.0,-11344.0,0.035085918337694616,0.006784329265808799,0.8379661140938331
2023-06-12,84.0,118.0,136.0,6021.0,177.0,Monday,False,2023-06,1.152542372881356,0.029397110114598904,220.0,313.0,1.4227272727272726,-52.0,-41.0,-3620.0,-11385.0,0.03489644142069722,0.006863376211761109,0.8512813125314421
2023-06-13,59.0,64.0,117.0,6061.0,146.0,Tuesday,False,2023-06,1.828125,0.024088434251773636,176.0,263.0,1.4943181818181819,-58.0,-29.0,-3678.0,-11414.0,0.03476910189983861,0.0070308898885881495,0.8961341564467861
2023-06-14,62.0,97.0,52.0,6065.0,167.0,Wednesday,False,2023-06,0.5360824742268041,0.027535037098103874,114.0,219.0,1.9210526315789473,10.0,-115.0,-3668.0,-11529.0,0.034743249542728186,0.00705683445558533,0.8922244311500517
2023-06-15,91.0,75.0,97.0,6038.0,272.0,Thursday,False,2023-06,1.2933333333333332,0.045048029148724744,188.0,369.0,1.9627659574468086,-6.0,-175.0,-3674.0,-11704.0,0.035222332131999406,0.0072562105973846954,0.913428082393363
2023-06-19,29.0,51.0,11.0,5679.0,142.0,Monday,False,2023-06,0.21568627450980393,0.02500440218348301,40.0,153.0,3.825,18.0,-131.0,-3656.0,-11835.0,0.03479680575806241,0.007472726246988642,0.8829364654567333
2023-06-20,33.0,53.0,34.0,5904.0,134.0,Tuesday,False,2023-06,0.6415094339622641,0.022696476964769646,67.0,168.0,2.5074626865671643,-1.0,-100.0,-3657.0,-11935.0,0.034080167011435306,0.007570542367208044,0.8826583921872261
2023-06-21,93.0,196.0,169.0,5922.0,149.0,Wednesday,False,2023-06,0.8622448979591837,0.025160418777440054,262.0,318.0,1.213740458015267,-76.0,20.0,-3733.0,-11915.0,0.03390604204945707,0.007717137562026591,0.8894486692736706
2023-06-22,124.0,234.0,161.0,5956.0,207.0,Thursday,False,2023-06,0.688034188034188,0.03475486903962391,285.0,368.0,1.2912280701754386,-37.0,-46.0,-3770.0,-11961.0,0.03409622100582474,0.007663441248460729,0.8858240024231973
2023-06-25,92.0,203.0,173.0,5766.0,263.0,Sunday,True,2023-06,0.8522167487684729,0.0456122095039889,265.0,436.0,1.6452830188679246,-81.0,-90.0,-3851.0,-12051.0,0.03444932775506303,0.007946258167447833,0.8896698238733745
2023-06-26,186.0,259.0,172.0,5819.0,174.0,Monday,False,2023-06,0.6640926640926641,0.02990204502491837,358.0,346.0,0.9664804469273743,14.0,-2.0,-3837.0,-12053.0,0.033939297521576296,0.0077200611197057265,0.8953013916408644
2023-06-27,154.0,225.0,220.0,5917.0,155.0,Tuesday,False,2023-06,0.9777777777777777,0.026195707284096672,374.0,375.0,1.0026737967914439,-66.0,65.0,-3903.0,-11988.0,0.03367572044643991,0.007848200245474495,0.8970443110308427
2023-06-28,91.0,199.0,172.0,5999.0,174.0,Wednesday,False,2023-06,0.864321608040201,0.02900483413902317,263.0,346.0,1.3155893536121672,-81.0,-2.0,-3984.0,-11990.0,0.03356527216504749,0.007891159921624135,0.9057870040879651
2023-06-29,81.0,213.0,153.0,6058.0,213.0,Thursday,False,2023-06,0.7183098591549296,0.035160118851105975,234.0,366.0,1.564102564102564,-72.0,-60.0,-4056.0,-12050.0,0.033679568862790846,0.007888511094320226,0.9065947011475154
2023-07-02,209.0,285.0,184.0,5903.0,309.0,Sunday,True,2023-07,0.6456140350877193,0.05234626461121464,393.0,493.0,1.2544529262086515,25.0,-125.0,-4031.0,-12175.0,0.034230217096554015,0.008589022785695675,0.888403234827394
2023-07-04,184.0,314.0,217.0,6127.0,124.0,Tuesday,False,2023-07,0.6910828025477707,0.020238289538110004,401.0,341.0,0.8503740648379052,-33.0,93.0,-4064.0,-12082.0,0.03352413286064002,0.008844403503979704,0.8699092736008444
2023-07-05,107.0,215.0,230.0,6193.0,167.0,Wednesday,False,2023-07,1.069767441860465,0.02696592927498789,337.0,397.0,1.1780415430267062,-123.0,63.0,-4187.0,-12019.0,0.0329620550111897,0.008701640118356174,0.8794897569569774
2023-07-06,101.0,162.0,178.0,6239.0,205.0,Thursday,False,2023-07,1.0987654320987654,0.03285782978041353,279.0,383.0,1.3727598566308243,-77.0,-27.0,-4264.0,-12046.0,0.0330379480120251,0.008690078604769502,0.8864144166594149
2023-07-09,99.0,190.0,176.0,6214.0,196.0,Sunday,True,2023-07,0.9263157894736842,0.03154168007724493,275.0,372.0,1.3527272727272728,-77.0,-20.0,-4341.0,-12066.0,0.03303643544757374,0.00869034379494284,0.8698168621671236
2023-07-10,167.0,239.0,166.0,6346.0,163.0,Monday,False,2023-07,0.694560669456067,0.025685471162937283,333.0,329.0,0.987987987987988,1.0,3.0,-4340.0,-12063.0,0.03269920752002189,0.008775190580827033,0.8677307892442306
2023-07-11,115.0,216.0,169.0,6498.0,143.0,Tuesday,False,2023-07,0.7824074074074074,0.02200677131425054,284.0,312.0,1.0985915492957747,-54.0,26.0,-4394.0,-12037.0,0.031630487210530474,0.00800115694889165,0.8645872918655735
2023-07-12,84.0,158.0,193.0,6521.0,210.0,Wednesday,False,2023-07,1.2215189873417722,0.032203649746971326,277.0,403.0,1.4548736462093863,-109.0,-17.0,-4503.0,-12054.0,0.03171766432902586,0.007992382153445231,0.865860146999188
2023-07-13,130.0,227.0,192.0,6604.0,226.0,Thursday,False,2023-07,0.8458149779735683,0.03422168382798304,322.0,418.0,1.2981366459627328,-62.0,-34.0,-4565.0,-12088.0,0.032063609944750944,0.007863361992547106,0.8679495619276243
2023-07-16,88.0,214.0,160.0,6468.0,218.0,Sunday,True,2023-07,0.7476635514018691,0.03370439084724799,248.0,378.0,1.5241935483870968,-72.0,-58.0,-4637.0,-12146.0,0.03219460417248212,0.007856644539147898,0.8587050136410199
2023-07-17,113.0,208.0,159.0,6632.0,160.0,Monday,False,2023-07,0.7644230769230769,0.024125452352231604,272.0,319.0,1.1727941176470589,-46.0,-1.0,-4683.0,-12147.0,0.03163250961554756,0.007808887172882944,0.8565435064490249
2023-07-18,174.0,285.0,150.0,6874.0,181.0,Tuesday,False,2023-07,0.5263157894736842,0.026331102705848125,324.0,331.0,1.021604938271605,24.0,-31.0,-4659.0,-12178.0,0.031025341439787753,0.007471015513129918,0.8481973984606073
2023-07-19,104.0,230.0,206.0,7001.0,226.0,Wednesday,False,2023-07,0.8956521739130435,0.03228110269961434,310.0,432.0,1.3935483870967742,-102.0,-20.0,-4761.0,-12198.0,0.031135564920341616,0.007464103066805004,0.846276769989796
2023-07-20,147.0,276.0,214.0,7116.0,281.0,Thursday,False,2023-07,0.7753623188405797,0.0394884766722878,361.0,495.0,1.371191135734072,-67.0,-67.0,-4828.0,-12265.0,0.03149405194238243,0.007601768832047035,0.8471221806178153
2023-07-23,108.0,220.0,213.0,7052.0,276.0,Sunday,True,2023-07,0.9681818181818181,0.039137833238797506,321.0,489.0,1.5233644859813085,-105.0,-63.0,-4933.0,-12328.0,0.03172918265803426,0.007728676239843593,0.8573784469851927
2023-07-24,180.0,280.0,146.0,7220.0,187.0,Monday,False,2023-07,0.5214285714285715,0.025900277008310248,326.0,333.0,1.021472392638037,34.0,-41.0,-4899.0,-12369.0,0.03127387800189385,0.007653453496637963,0.8524804878015193
2023-07-25,134.0,294.0,186.0,7510.0,136.0,Tuesday,False,2023-07,0.6326530612244898,0.018109187749667112,320.0,322.0,1.00625,-52.0,50.0,-4951.0,-12319.0,0.030556836166325627,0.007849675191481898,0.8367268179125111
2023-07-26,202.0,313.0,158.0,7647.0,215.0,Wednesday,False,2023-07,0.5047923322683706,0.028115600889237608,360.0,373.0,1.0361111111111112,44.0,-57.0,-4907.0,-12376.0,0.030514119192146916,0.00785968442971797,0.8151351498920782
2023-07-27,110.0,272.0,193.0,7754.0,259.0,Thursday,False,2023-07,0.7095588235294118,0.03340211503740005,303.0,452.0,1.4917491749174918,-83.0,-66.0,-4990.0,-12442.0,0.030824575218334465,0.007780666014908822,0.777849610676392
2023-07-30,166.0,277.0,229.0,7671.0,305.0,Sunday,True,2023-07,0.8267148014440433,0.03976013557554426,395.0,534.0,1.3518987341772153,-63.0,-76.0,-5053.0,-12518.0,0.03123207850091581,0.007921305960606386,0.7875373549169665
2023-07-31,136.0,276.0,178.0,7800.0,220.0,Monday,False,2023-07,0.644927536231884,0.028205128205128206,314.0,398.0,1.267515923566879,-42.0,-42.0,-5095.0,-12560.0,0.030670648469462592,0.007493655663542553,0.7659238283469183
2023-08-01,87.0,246.0,173.0,8103.0,168.0,Tuesday,False,2023-08,0.7032520325203252,0.02073306182895224,260.0,341.0,1.3115384615384615,-86.0,5.0,-5181.0,-12555.0,0.0305282704576449,0.007644092867462532,0.7821760202806023
2023-08-02,84.0,171.0,157.0,8261.0,271.0,Wednesday,False,2023-08,0.9181286549707602,0.03280474518823387,241.0,428.0,1.7759336099585061,-73.0,-114.0,-5254.0,-12669.0,0.03086521273176037,0.007508551359953529,0.7913966609808855
2023-08-03,167.0,209.0,157.0,8294.0,339.0,Thursday,False,2023-08,0.7511961722488039,0.04087292018326501,324.0,496.0,1.5308641975308641,10.0,-182.0,-5244.0,-12851.0,0.0313889627786212,0.007643685862229103,0.7876950367905394
2023-08-06,109.0,245.0,159.0,8298.0,322.0,Sunday,True,2023-08,0.6489795918367347,0.03880453121234032,268.0,481.0,1.794776119402985,-50.0,-163.0,-5294.0,-13014.0,0.03152395151771175,0.007740325985961707,0.786393216917291
2023-08-07,156.0,256.0,176.0,8493.0,202.0,Monday,False,2023-08,0.6875,0.023784292947132933,332.0,378.0,1.1385542168674698,-20.0,-26.0,-5314.0,-13040.0,0.030796354299149887,0.007388266828226593,0.7809026586250085
2023-08-08,125.0,232.0,192.0,8725.0,207.0,Tuesday,False,2023-08,0.8275862068965517,0.02372492836676218,317.0,399.0,1.2586750788643533,-67.0,-15.0,-5381.0,-13055.0,0.030590450410544683,0.007499290767215615,0.7863524433851381
2023-08-09,118.0,139.0,168.0,8888.0,251.0,Wednesday,False,2023-08,1.20863309352518,0.02824032403240324,286.0,419.0,1.465034965034965,-50.0,-83.0,-5431.0,-13138.0,0.030658604302154897,0.007467196022197266,0.7940476205767183
2023-08-10,142.0,235.0,139.0,8914.0,353.0,Thursday,False,2023-08,0.5914893617021276,0.03960062822526363,281.0,492.0,1.7508896797153024,3.0,-214.0,-5428.0,-13352.0,0.031011797438362913,0.0076349783797735864,0.7849532123654492
2023-08-16,148.0,245.0,175.0,9634.0,288.0,Wednesday,False,2023-08,0.7142857142857143,0.029894124974050237,323.0,463.0,1.4334365325077398,-27.0,-113.0,-5455.0,-13465.0,0.030836264309127722,0.007596755695324655,0.7848190742031419
2023-08-17,119.0,219.0,210.0,9694.0,407.0,Thursday,False,2023-08,0.958904109589041,0.04198473282442748,329.0,617.0,1.8753799392097263,-91.0,-197.0,-5546.0,-13662.0,0.03049087991623482,0.006776327307605525,0.7952620766865194
2023-08-20,105.0,210.0,149.0,9483.0,390.0,Sunday,True,2023-08,0.7095238095238096,0.041126225877886745,254.0,539.0,2.122047244094488,-44.0,-241.0,-5590.0,-13903.0,0.03118714446089404,0.006759644926382098,0.7958767769190539
2023-08-21,143.0,203.0,163.0,9668.0,281.0,Monday,False,2023-08,0.8029556650246306,0.029064956557716178,306.0,444.0,1.4509803921568627,-20.0,-118.0,-5610.0,-14021.0,0.03125711203698499,0.006725221048518579,0.7869830510245261
2023-08-22,119.0,209.0,152.0,9921.0,230.0,Tuesday,False,2023-08,0.7272727272727273,0.023183146860195545,271.0,382.0,1.4095940959409594,-33.0,-78.0,-5643.0,-14099.0,0.030934622606311055,0.006876085443559192,0.7745999608636583
2023-08-23,155.0,212.0,181.0,10071.0,285.0,Wednesday,False,2023-08,0.8537735849056604,0.02829907655644921,336.0,466.0,1.3869047619047619,-26.0,-104.0,-5669.0,-14203.0,0.030826535822284527,0.006891681846200311,0.7721818873780575
2023-08-24,109.0,214.0,173.0,10026.0,443.0,Thursday,False,2023-08,0.8084112149532711,0.044185118691402354,282.0,616.0,2.1843971631205674,-64.0,-270.0,-5733.0,-14473.0,0.031443190739900026,0.0072349162310167995,0.7759769055612976
2023-08-27,191.0,283.0,192.0,9873.0,488.0,Sunday,True,2023-08,0.6784452296819788,0.049427732198926363,383.0,680.0,1.7754569190600522,-1.0,-296.0,-5734.0,-14769.0,0.032357222769389224,0.0077176699552609284,0.7725114996371166
2023-08-28,170.0,297.0,196.0,10012.0,388.0,Monday,False,2023-08,0.6599326599326599,0.03875349580503396,366.0,584.0,1.5956284153005464,-26.0,-192.0,-5760.0,-14961.0,0.03257555097132465,0.007805323480831728,0.7537919553901463
2023-08-29,152.0,272.0,214.0,10180.0,286.0,Tuesday,False,2023-08,0.7867647058823529,0.028094302554027506,366.0,500.0,1.366120218579235,-62.0,-72.0,-5822.0,-15033.0,0.032371304928859465,0.007840851258307456,0.7518236129871058
2023-08-30,239.0,367.0,224.0,10280.0,366.0,Wednesday,False,2023-08,0.6103542234332425,0.035603112840466924,463.0,590.0,1.2742980561555075,15.0,-142.0,-5807.0,-15175.0,0.03243459566196676,0.007859623571746301,0.7472466353881515
2023-08-31,113.0,280.0,237.0,10140.0,505.0,Thursday,False,2023-08,0.8464285714285714,0.04980276134122288,350.0,742.0,2.12,-124.0,-268.0,-5931.0,-15443.0,0.033290505961599805,0.00830884580823725,0.749980151871668
2023-09-04,196.0,306.0,187.0,9988.0,293.0,Monday,False,2023-09,0.6111111111111112,0.02933520224269123,383.0,480.0,1.2532637075718016,9.0,-106.0,-5922.0,-15549.0,0.033390642612827905,0.008239896539884172,0.7528066625929155
2023-09-05,236.0,330.0,222.0,10142.0,243.0,Tuesday,False,2023-09,0.6727272727272727,0.023959771248274503,458.0,465.0,1.01528384279476,14.0,-21.0,-5908.0,-15570.0,0.03311326489778324,0.008416697400105826,0.7453758325533898
2023-09-06,81.0,230.0,242.0,10356.0,291.0,Wednesday,False,2023-09,1.0521739130434782,0.02809965237543453,323.0,533.0,1.6501547987616099,-161.0,-49.0,-6069.0,-15619.0,0.03273363742122146,0.00837597659431969,0.7546028856934864
2023-09-07,118.0,245.0,160.0,10419.0,398.0,Thursday,False,2023-09,0.6530612244897959,0.03819944332469527,278.0,558.0,2.0071942446043165,-42.0,-238.0,-6111.0,-15857.0,0.03270235775741806,0.008352956302871433,0.7440988659037525
2023-09-10,218.0,283.0,208.0,10282.0,382.0,Sunday,True,2023-09,0.734982332155477,0.03715230499902743,426.0,590.0,1.3849765258215962,10.0,-174.0,-6101.0,-16031.0,0.033077425357108635,0.00828937406176145,0.7512173245946492
2023-09-11,132.0,243.0,183.0,10492.0,277.0,Monday,False,2023-09,0.7530864197530864,0.02640106747998475,315.0,460.0,1.4603174603174602,-51.0,-94.0,-6152.0,-16125.0,0.03335382134811923,0.007902273184198784,0.7552317698789358
2023-09-12,224.0,315.0,152.0,10649.0,316.0,Tuesday,False,2023-09,0.48253968253968255,0.02967414780730585,376.0,468.0,1.2446808510638299,72.0,-164.0,-6080.0,-16289.0,0.03340577291205483,0.007871712335503813,0.7544900148879795
2023-09-13,167.0,326.0,213.0,10678.0,343.0,Wednesday,False,2023-09,0.6533742331288344,0.03212212024723731,380.0,556.0,1.4631578947368422,-46.0,-130.0,-6126.0,-16419.0,0.0333631064190494,0.007875201005841602,0.7526171952079603
2023-09-14,209.0,353.0,232.0,10837.0,414.0,Thursday,False,2023-09,0.6572237960339944,0.038202454553843315,441.0,646.0,1.4648526077097506,-23.0,-182.0,-6149.0,-16601.0,0.03331118371832604,0.00783661029141322,0.7469674950276254
2023-09-17,153.0,253.0,286.0,10799.0,427.0,Sunday,True,2023-09,1.1304347826086956,0.03954069821279748,439.0,713.0,1.6241457858769932,-133.0,-141.0,-6282.0,-16742.0,0.03368903605191501,0.007855183312415852,0.7631510699068523
2023-09-18,180.0,337.0,219.0,10892.0,313.0,Monday,False,2023-09,0.6498516320474778,0.028736687477047374,399.0,532.0,1.3333333333333333,-39.0,-94.0,-6321.0,-16836.0,0.03395582357351819,0.007529130696188755,0.7613710565577575
2023-09-19,133.0,287.0,189.0,11095.0,260.0,Tuesday,False,2023-09,0.6585365853658537,0.023433979269941414,322.0,449.0,1.3944099378881987,-56.0,-71.0,-6377.0,-16907.0,0.033643464709575105,0.007769089163476938,0.7527179875709272
2023-09-20,187.0,310.0,247.0,11064.0,364.0,Wednesday,False,2023-09,0.7967741935483871,0.03289949385394071,434.0,611.0,1.4078341013824884,-60.0,-117.0,-6437.0,-17024.0,0.03337768383193096,0.007648693664464851,0.75423725494758
2023-09-21,168.0,285.0,210.0,11067.0,428.0,Thursday,False,2023-09,0.7368421052631579,0.03867353392970091,378.0,638.0,1.687830687830688,-42.0,-218.0,-6479.0,-17242.0,0.033373317255842985,0.0076455254260481414,0.7571660053951275
2023-09-24,269.0,412.0,204.0,10744.0,403.0,Sunday,True,2023-09,0.49514563106796117,0.03750930752047654,473.0,607.0,1.2832980972515857,65.0,-199.0,-6414.0,-17441.0,0.033830817741621104,0.00746034468005519,0.7507541930973929
2023-09-25,100.0,255.0,236.0,10842.0,284.0,Monday,False,2023-09,0.9254901960784314,0.026194429072126914,336.0,520.0,1.5476190476190477,-136.0,-48.0,-6550.0,-17489.0,0.03391313443179992,0.007357913146664379,0.7540176594034556
2023-09-26,205.0,294.0,177.0,10978.0,332.0,Tuesday,False,2023-09,0.6020408163265306,0.03024230278739297,382.0,509.0,1.3324607329842932,28.0,-155.0,-6522.0,-17644.0,0.03397986705696625,0.007313634692814056,0.7337979168301672
2023-09-27,161.0,304.0,211.0,11017.0,331.0,Wednesday,False,2023-09,0.694078947368421,0.030044476717799765,372.0,542.0,1.456989247311828,-50.0,-120.0,-6572.0,-17764.0,0.033661328673384124,0.007268350522296766,0.7372175696857102
2023-09-28,57.0,162.0,193.0,10984.0,447.0,Thursday,False,2023-09,1.191358024691358,0.040695557174071376,250.0,640.0,2.56,-136.0,-254.0,-6708.0,-18018.0,0.03402137641338483,0.007342456076370322,0.7531199800325651
2023-10-01,80.0,122.0,152.0,10598.0,493.0,Sunday,True,2023-10,1.2459016393442623,0.046518210983204376,232.0,645.0,2.7801724137931036,-72.0,-341.0,-6780.0,-18359.0,0.034172492352010725,0.007555561833324112,0.7626865643577392
2023-10-02,107.0,170.0,133.0,10724.0,284.0,Monday,False,2023-10,0.7823529411764706,0.02648265572547557,240.0,417.0,1.7375,-26.0,-151.0,-6806.0,-18510.0,0.03368437334693035,0.00756384388777117,0.7651142020794945
2023-10-03,99.0,156.0,139.0,10818.0,287.0,Tuesday,False,2023-10,0.8910256410256411,0.026529857644666296,238.0,426.0,1.7899159663865547,-40.0,-148.0,-6846.0,-18658.0,0.03359987004982869,0.007631093733791539,0.7680498679461949
2023-10-04,25.0,66.0,94.0,10963.0,330.0,Wednesday,False,2023-10,1.4242424242424243,0.030101249657940345,119.0,424.0,3.563025210084034,-69.0,-236.0,-6915.0,-18894.0,0.03383047347642018,0.0074066862618663845,0.791282191178518
2023-10-05,35.0,70.0,53.0,11130.0,427.0,Thursday,False,2023-10,0.7571428571428571,0.038364779874213835,88.0,480.0,5.454545454545454,-18.0,-374.0,-6933.0,-19268.0,0.03416599692034567,0.007375395590208603,0.788061166919758
2023-10-09,43.0,73.0,64.0,10815.0,282.0,Monday,False,2023-10,0.8767123287671232,0.0260748959778086,107.0,346.0,3.2336448598130842,-21.0,-218.0,-6954.0,-19486.0,0.03356232282989255,0.007267423260153814,0.7903378707135531
2023-10-10,41.0,60.0,71.0,10910.0,257.0,Tuesday,False,2023-10,1.1833333333333333,0.023556370302474795,112.0,328.0,2.9285714285714284,-30.0,-186.0,-6984.0,-19672.0,0.03269994410001083,0.006842425320534994,0.8071674741685981
2023-10-11,65.0,83.0,65.0,10960.0,266.0,Wednesday,False,2023-10,0.7831325301204819,0.02427007299270073,130.0,331.0,2.546153846153846,0.0,-201.0,-6984.0,-19873.0,0.032217163339599716,0.006911184499774142,0.8112741365081922
2023-10-12,38.0,80.0,82.0,10992.0,398.0,Thursday,False,2023-10,1.025,0.03620815138282387,120.0,480.0,4.0,-44.0,-316.0,-7028.0,-20189.0,0.032487624967226264,0.006903035774585549,0.8192153129787805
2023-10-15,56.0,82.0,68.0,10571.0,434.0,Sunday,True,2023-10,0.8292682926829268,0.04105571847507331,124.0,502.0,4.048387096774194,-12.0,-366.0,-7040.0,-20555.0,0.03266937848837981,0.00705793785368615,0.8265124486204366
2023-10-16,74.0,103.0,80.0,10629.0,331.0,Monday,False,2023-10,0.7766990291262136,0.031141217424028603,154.0,411.0,2.668831168831169,-6.0,-251.0,-7046.0,-20806.0,0.032047327024473334,0.00627472802870546,0.8241881305436913
2023-10-17,68.0,107.0,102.0,10630.0,315.0,Tuesday,False,2023-10,0.9532710280373832,0.029633113828786452,170.0,417.0,2.4529411764705884,-34.0,-213.0,-7080.0,-21019.0,0.032057257410676505,0.006270522139997052,0.8355934611079004
2023-10-18,92.0,124.0,93.0,10511.0,393.0,Wednesday,False,2023-10,0.75,0.037389401579297876,185.0,486.0,2.627027027027027,-1.0,-300.0,-7081.0,-21319.0,0.032504911755043955,0.006150734848896158,0.8381692186836581
2023-10-19,113.0,162.0,107.0,10319.0,406.0,Thursday,False,2023-10,0.6604938271604939,0.03934489776141099,220.0,513.0,2.331818181818182,6.0,-299.0,-7075.0,-21618.0,0.03287975326790984,0.00621532741067285,0.8251132158208919
2023-10-22,106.0,196.0,131.0,9506.0,454.0,Sunday,True,2023-10,0.6683673469387755,0.047759309909530825,237.0,585.0,2.4683544303797467,-25.0,-323.0,-7100.0,-21941.0,0.033198415487404355,0.006721900093341137,0.8256234199025244
2023-10-23,86.0,152.0,168.0,9436.0,327.0,Monday,False,2023-10,1.105263157894737,0.03465451462484104,254.0,495.0,1.9488188976377954,-82.0,-159.0,-7182.0,-22100.0,0.03311515580826481,0.006686613756381132,0.8379661140938333
2023-10-24,84.0,118.0,136.0,9396.0,300.0,Tuesday,False,2023-10,1.152542372881356,0.031928480204342274,220.0,436.0,1.981818181818182,-52.0,-164.0,-7234.0,-22264.0,0.03329940289907672,0.0065703726590331905,0.8512813125314421
2023-10-25,59.0,64.0,117.0,9351.0,293.0,Wednesday,False,2023-10,1.828125,0.03133354721420169,176.0,410.0,2.3295454545454546,-58.0,-176.0,-7292.0,-22440.0,0.03335471621263992,0.006545739432143894,0.8961341564467861
2023-10-26,62.0,97.0,52.0,9235.0,390.0,Thursday,False,2023-10,0.5360824742268041,0.04223064428803465,114.0,442.0,3.8771929824561404,10.0,-338.0,-7282.0,-22778.0,0.03369166701399983,0.006737469001404531,0.8922244311500517
2023-10-29,91.0,75.0,97.0,8925.0,418.0,Sunday,True,2023-10,1.2933333333333332,0.046834733893557426,188.0,515.0,2.7393617021276597,-6.0,-321.0,-7288.0,-23099.0,0.03397940965865697,0.007110750228826702,0.913428082393363
2023-10-30,29.0,51.0,11.0,9026.0,278.0,Monday,False,2023-10,0.21568627450980393,0.030799911367161533,40.0,289.0,7.225,18.0,-267.0,-7270.0,-23366.0,0.033688050097135776,0.007053868742525387,0.8829364654567333
2023-10-31,33.0,53.0,34.0,9072.0,295.0,Tuesday,False,2023-10,0.6415094339622641,0.03251763668430335,67.0,329.0,4.91044776119403,-1.0,-261.0,-7271.0,-23627.0,0.033814081737377634,0.006995890959988934,0.8826583921872262
2023-11-01,132.0,235.0,197.0,9250.0,279.0,Wednesday,False,2023-11,0.8382978723404255,0.03016216216216216,329.0,476.0,1.446808510638298,-65.0,-82.0,-7336.0,-23709.0,0.03403835450045166,0.006755363796271393,0.8886504350863785
2023-11-02,174.0,208.0,256.0,9442.0,330.0,Thursday,False,2023-11,1.2307692307692308,0.03495022241050625,430.0,586.0,1.3627906976744186,-82.0,-74.0,-7418.0,-23783.0,0.034106712119003846,0.006753817763698022,0.9031169363270735
2023-11-05,123.0,230.0,167.0,9273.0,370.0,Sunday,True,2023-11,0.7260869565217392,0.039900787231748086,290.0,537.0,1.8517241379310345,-44.0,-203.0,-7462.0,-23986.0,0.03414762056240542,0.006786073002623838,0.9027584313690261
2023-11-06,123.0,233.0,159.0,9286.0,316.0,Monday,False,2023-11,0.6824034334763949,0.034029722162395006,282.0,475.0,1.6843971631205674,-36.0,-157.0,-7498.0,-24143.0,0.0340316343838027,0.006756305341426646,0.9090003581159738
2023-11-07,141.0,232.0,188.0,9483.0,231.0,Tuesday,False,2023-11,0.8103448275862069,0.024359379943055995,329.0,419.0,1.2735562310030395,-47.0,-43.0,-7545.0,-24186.0,0.033970466079500335,0.006837524925647728,0.905162179166233
2023-11-08,158.0,226.0,191.0,9634.0,310.0,Wednesday,False,2023-11,0.8451327433628318,0.03217770396512352,349.0,501.0,1.4355300859598854,-33.0,-119.0,-7578.0,-24305.0,0.03403497945209135,0.006810211909624123,0.9132652434007764
2023-11-12,96.0,160.0,233.0,9477.0,313.0,Sunday,True,2023-11,1.45625,0.03302732932362562,329.0,546.0,1.6595744680851063,-137.0,-80.0,-7715.0,-24385.0,0.03413440787228555,0.006771607224673704,0.9386709451551625
2023-11-13,141.0,173.0,129.0,9510.0,287.0,Monday,False,2023-11,0.7456647398843931,0.030178759200841218,270.0,416.0,1.5407407407407407,12.0,-158.0,-7703.0,-24543.0,0.03378384793984455,0.006691984335412861,0.9238145023282637
2023-11-14,116.0,181.0,182.0,9665.0,247.0,Tuesday,False,2023-11,1.0055248618784531,0.025556130367304707,298.0,429.0,1.4395973154362416,-66.0,-65.0,-7769.0,-24608.0,0.033085111919314555,0.0064046894176461,0.9158019430794032
2023-11-15,150.0,157.0,201.0,9762.0,316.0,Wednesday,False,2023-11,1.2802547770700636,0.03237041589838148,351.0,517.0,1.4729344729344729,-51.0,-115.0,-7820.0,-24723.0,0.03328137059174475,0.0062844750917182435,0.932398670942523
2023-11-16,80.0,176.0,125.0,9762.0,374.0,Thursday,False,2023-11,0.7102272727272727,0.03831182134808441,205.0,499.0,2.4341463414634146,-45.0,-249.0,-7865.0,-24972.0,0.03367410271519202,0.006215773983731459,0.9263720586659107
2023-11-19,116.0,188.0,164.0,9573.0,435.0,Sunday,True,2023-11,0.8723404255319149,0.04544030084612974,280.0,599.0,2.1392857142857142,-48.0,-271.0,-7913.0,-25243.0,0.034185404421465,0.006534457201769058,0.9079753253755605
2023-11-20,105.0,185.0,158.0,9638.0,298.0,Monday,False,2023-11,0.8540540540540541,0.03091927785847686,263.0,456.0,1.7338403041825095,-53.0,-140.0,-7966.0,-25383.0,0.03393722102094043,0.006511600656738637,0.9112056986059336
2023-11-21,136.0,246.0,123.0,9804.0,250.0,Tuesday,False,2023-11,0.5,0.025499796001631988,259.0,373.0,1.4401544401544402,13.0,-127.0,-7953.0,-25510.0,0.03391805102173455,0.00653634483821791,0.8986486209803629
2023-11-23,128.0,228.0,177.0,9838.0,283.0,Thursday,False,2023-11,0.7763157894736842,0.028766009351494207,305.0,460.0,1.5081967213114753,-49.0,-106.0,-8002.0,-25616.0,0.03409170565670186,0.006317094322101503,0.8850813695183746
2023-11-26,90.0,196.0,205.0,9845.0,312.0,Sunday,True,2023-11,1.0459183673469388,0.031691213814118845,295.0,517.0,1.7525423728813558,-115.0,-107.0,-8117.0,-25723.0,0.0343390770174158,0.006059267210594475,0.8938408974259232
2023-11-27,56.0,82.0,68.0,10123.0,214.0,Monday,False,2023-11,0.8292682926829268,0.02113997826731206,124.0,282.0,2.274193548387097,-12.0,-146.0,-8129.0,-25869.0,0.03383680458023207,0.006506975820554388,0.8873165071820207
2023-11-28,74.0,103.0,80.0,10223.0,223.0,Tuesday,False,2023-11,0.7766990291262136,0.021813557664090776,154.0,303.0,1.9675324675324675,-6.0,-143.0,-8135.0,-26012.0,0.03319539921986599,0.006715871625575984,0.8855641983967969
2023-11-29,68.0,107.0,102.0,10398.0,284.0,Wednesday,False,2023-11,0.9532710280373832,0.027312944797076362,170.0,386.0,2.2705882352941176,-34.0,-182.0,-8169.0,-26194.0,0.03306779013230091,0.006792186443600428,0.891449931693836
2023-11-30,92.0,124.0,93.0,10536.0,320.0,Thursday,False,2023-11,0.75,0.030372057706909643,185.0,413.0,2.2324324324324323,-1.0,-227.0,-8170.0,-26421.0,0.03309242159490502,0.006780631326992411,0.8846742307592564
2023-12-03,132.0,235.0,197.0,10579.0,417.0,Sunday,True,2023-12,0.8382978723404255,0.039417714339729654,329.0,614.0,1.8662613981762919,-65.0,-220.0,-8235.0,-26641.0,0.03316003202025274,0.006834849923479445,0.8876174931706039
2023-12-04,174.0,208.0,256.0,10635.0,273.0,Monday,False,2023-12,1.2307692307692308,0.025669957686882933,430.0,529.0,1.2302325581395348,-82.0,-17.0,-8317.0,-26658.0,0.03270420068443514,0.0068640874871343,0.9066266732908953
2023-12-05,123.0,230.0,167.0,10761.0,261.0,Tuesday,False,2023-12,0.7260869565217392,0.024254251463618624,290.0,428.0,1.4758620689655173,-44.0,-94.0,-8361.0,-26752.0,0.03192069873623807,0.006413037052512192,0.908550660276994
2023-12-06,123.0,233.0,159.0,10832.0,376.0,Wednesday,False,2023-12,0.6824034334763949,0.03471196454948301,282.0,535.0,1.8971631205673758,-36.0,-217.0,-8397.0,-26969.0,0.03192261373372614,0.0064138900681440895,0.894455336129716
2023-12-07,141.0,232.0,188.0,10897.0,466.0,Thursday,False,2023-12,0.8103448275862069,0.04276406350371662,329.0,654.0,1.987841945288754,-47.0,-278.0,-8444.0,-27247.0,0.03228379984370528,0.006712379003980779,0.8830487512865444
2023-12-10,158.0,226.0,191.0,10871.0,411.0,Sunday,True,2023-12,0.8451327433628318,0.03780700947474933,349.0,602.0,1.7249283667621778,-33.0,-220.0,-8477.0,-27467.0,0.03249958191905687,0.006784441969649399,0.8502823427319721
2023-12-11,96.0,160.0,233.0,10998.0,304.0,Monday,False,2023-12,1.45625,0.027641389343517002,329.0,537.0,1.6322188449848025,-137.0,-71.0,-8614.0,-27538.0,0.032013273420906284,0.006582747864441741,0.8809545935910786
2023-12-12,141.0,173.0,129.0,11077.0,259.0,Tuesday,False,2023-12,0.7456647398843931,0.02338178207095784,270.0,388.0,1.4370370370370371,12.0,-130.0,-8602.0,-27668.0,0.031231508360152965,0.0061395741962682136,0.8626989738094473
2023-12-13,116.0,181.0,182.0,11192.0,335.0,Wednesday,False,2023-12,1.0055248618784531,0.029932094353109364,298.0,517.0,1.7348993288590604,-66.0,-153.0,-8668.0,-27821.0,0.03120258112635122,0.0061437208350861305,0.8890269267217356
2023-12-14,150.0,157.0,201.0,11242.0,396.0,Thursday,False,2023-12,1.2802547770700636,0.03522504892367906,351.0,597.0,1.7008547008547008,-51.0,-195.0,-8719.0,-28016.0,0.031292828200997075,0.006183460713064204,0.9103184381586621
2023-12-17,80.0,176.0,125.0,11092.0,456.0,Sunday,True,2023-12,0.7102272727272727,0.04111071042192571,205.0,581.0,2.8341463414634145,-45.0,-331.0,-8764.0,-28347.0,0.03165777980965586,0.006432506672398321,0.9060494181715572
2023-12-18,116.0,188.0,164.0,11149.0,364.0,Monday,False,2023-12,0.8723404255319149,0.03264866804197686,280.0,528.0,1.8857142857142857,-48.0,-200.0,-8812.0,-28547.0,0.03158106133070489,0.006405553167535774,0.8941017913303132
2023-12-19,105.0,185.0,158.0,11291.0,272.0,Tuesday,False,2023-12,0.8540540540540541,0.024089983172438226,263.0,430.0,1.6349809885931559,-53.0,-114.0,-8865.0,-28661.0,0.03105403452872789,0.006347597768492091,0.8983673612480572
2023-12-20,136.0,246.0,123.0,11516.0,390.0,Wednesday,False,2023-12,0.5,0.033865925668634944,259.0,513.0,1.9806949806949807,13.0,-267.0,-8852.0,-28928.0,0.031048574645602553,0.0063450198936299195,0.892287246798844
2023-12-21,128.0,228.0,177.0,11375.0,497.0,Thursday,False,2023-12,0.7763157894736842,0.04369230769230769,305.0,674.0,2.2098360655737705,-49.0,-320.0,-8901.0,-29248.0,0.03169300557057761,0.006618102054063704,0.8911529455284266
2023-12-25,90.0,196.0,205.0,11144.0,347.0,Monday,False,2023-12,1.0459183673469388,0.031137832017229004,295.0,552.0,1.8711864406779661,-115.0,-142.0,-9016.0,-29390.0,0.03165834317231446,0.006618199072221692,0.8978457996612301
2023-12-26,56.0,82.0,68.0,11217.0,288.0,Tuesday,False,2023-12,0.8292682926829268,0.025675314255148435,124.0,356.0,2.870967741935484,-12.0,-220.0,-9028.0,-29610.0,0.03141327600336522,0.006701355972537831,0.8769464094173276
2023-12-27,74.0,103.0,80.0,11206.0,335.0,Wednesday,False,2023-12,0.7766990291262136,0.029894699268249152,154.0,415.0,2.6948051948051948,-6.0,-255.0,-9034.0,-29865.0,0.03140380733894548,0.00670336080954644,0.8779808857253883
2023-12-28,68.0,107.0,102.0,11230.0,357.0,Thursday,False,2023-12,0.9532710280373832,0.031789848619768475,170.0,459.0,2.7,-34.0,-255.0,-9068.0,-30120.0,0.031611597947360945,0.006611835604959778,0.8762390912640192
2024-01-01,92.0,124.0,93.0,10870.0,290.0,Monday,False,2024-01,0.75,0.02667893284268629,185.0,383.0,2.0702702702702704,-1.0,-197.0,-9069.0,-30317.0,0.03142188184550444,0.0066707036963136795,0.8585639320283505
2024-01-02,113.0,162.0,107.0,10770.0,316.0,Tuesday,False,2024-01,0.6604938271604939,0.02934076137418756,220.0,423.0,1.9227272727272726,6.0,-209.0,-9063.0,-30526.0,0.03112284651304121,0.006551197517488973,0.8569061505094578
2024-01-03,106.0,196.0,131.0,10718.0,263.0,Wednesday,False,2024-01,0.6683673469387755,0.02453816010449711,237.0,394.0,1.6624472573839661,-25.0,-132.0,-9088.0,-30658.0,0.03042610848832012,0.006069803038182281,0.8501070478896865
2024-01-04,86.0,152.0,168.0,10558.0,362.0,Thursday,False,2024-01,1.105263157894737,0.03428679674180716,254.0,530.0,2.0866141732283463,-82.0,-194.0,-9170.0,-30852.0,0.030538359117764466,0.006110241403877509,0.8584806846843759
2024-01-07,84.0,118.0,136.0,9670.0,367.0,Sunday,True,2024-01,1.152542372881356,0.03795243019648397,220.0,503.0,2.286363636363636,-52.0,-231.0,-9222.0,-31083.0,0.030953446924259533,0.006178742326742609,0.8802320971137545
2024-01-08,59.0,64.0,117.0,9670.0,367.0,Monday,False,2024-01,1.828125,0.03795243019648397,176.0,484.0,2.75,-58.0,-250.0,-9280.0,-31333.0,0.031259660952425855,0.006293172869636934,0.9152924041312983
2024-01-09,62.0,97.0,52.0,9311.0,286.0,Tuesday,False,2024-01,0.5360824742268041,0.030716356997100205,114.0,338.0,2.9649122807017543,10.0,-234.0,-9270.0,-31567.0,0.0312271657251919,0.0062933845435273065,0.8982978743606272
2024-01-10,91.0,75.0,97.0,9144.0,349.0,Wednesday,False,2024-01,1.2933333333333332,0.038167104111986004,188.0,446.0,2.372340425531915,-6.0,-252.0,-9276.0,-31819.0,0.031794736586681034,0.006117643435423111,0.9137667090489742
2024-01-11,29.0,51.0,11.0,8829.0,476.0,Thursday,False,2024-01,0.21568627450980393,0.053913240457582966,40.0,487.0,12.175,18.0,-465.0,-9258.0,-32284.0,0.03286472601313077,0.007048108659254786,0.8950662838950938
2024-01-15,33.0,53.0,34.0,8033.0,234.0,Monday,False,2024-01,0.6415094339622641,0.029129839412423753,67.0,268.0,4.0,-1.0,-200.0,-9259.0,-32484.0,0.03292528916697569,0.007006441127420574,0.8846742307592563
2024-01-16,32.0,49.0,39.0,8133.0,188.0,Tuesday,False,2024-01,0.7959183673469388,0.02311570146317472,71.0,227.0,3.1971830985915495,-7.0,-149.0,-9266.0,-32633.0,0.032683410625517856,0.0072196335852520045,0.8862048430041544
2024-01-17,80.0,176.0,125.0,8072.0,353.0,Wednesday,False,2024-01,0.7102272727272727,0.04373141724479683,205.0,478.0,2.3317073170731706,-45.0,-228.0,-9311.0,-32861.0,0.03282720072235343,0.007399108753504938,0.8819358230170493
2024-01-18,116.0,188.0,164.0,8042.0,359.0,Thursday,False,2024-01,0.8723404255319149,0.044640636657547875,280.0,523.0,1.8678571428571429,-48.0,-195.0,-9359.0,-33056.0,0.033459556688042257,0.0075748959677515324,0.8699881961758055
2024-01-21,105.0,185.0,158.0,7974.0,371.0,Sunday,True,2024-01,0.8540540540540541,0.04652621018309506,263.0,529.0,2.011406844106464,-53.0,-213.0,-9412.0,-33269.0,0.03420195531202481,0.007731390419010235,0.8742537660935493
2024-01-22,136.0,246.0,123.0,8008.0,222.0,Monday,False,2024-01,0.5,0.027722277722277724,259.0,345.0,1.332046332046332,13.0,-99.0,-9399.0,-33368.0,0.03396896575111796,0.00782029879644295,0.8681736516443361
2024-01-23,128.0,228.0,177.0,8133.0,202.0,Tuesday,False,2024-01,0.7763157894736842,0.024837083487028157,305.0,379.0,1.2426229508196722,-49.0,-25.0,-9448.0,-33393.0,0.033371399750561685,0.007809984988639756,0.8670393503739188
2024-01-24,90.0,196.0,205.0,8212.0,243.0,Wednesday,False,2024-01,1.0459183673469388,0.02959084266926449,295.0,448.0,1.5186440677966102,-115.0,-38.0,-9563.0,-33431.0,0.033097527523712186,0.007793117871206496,0.8737322045067224
2024-01-25,102.0,189.0,155.0,8180.0,293.0,Thursday,False,2024-01,0.8201058201058201,0.03581907090464548,257.0,448.0,1.7431906614785992,-53.0,-138.0,-9616.0,-33569.0,0.03337011690908313,0.0077385200933570535,0.8525273985102496
2024-01-28,120.0,257.0,126.0,8004.0,307.0,Sunday,True,2024-01,0.490272373540856,0.03835582208895552,246.0,433.0,1.7601626016260163,-6.0,-181.0,-9622.0,-33750.0,0.03386925157634972,0.0075527397738274875,0.8440143196321317
2024-01-29,137.0,272.0,166.0,8057.0,195.0,Monday,False,2024-01,0.6102941176470589,0.024202556782921682,303.0,361.0,1.1914191419141915,-29.0,-29.0,-9651.0,-33779.0,0.0336782669906768,0.007726180285937235,0.8308399614910853
2024-01-30,93.0,198.0,208.0,8182.0,187.0,Tuesday,False,2024-01,1.0505050505050506,0.02285504766560743,301.0,395.0,1.3122923588039868,-115.0,21.0,-9766.0,-33758.0,0.03326593361540775,0.007967111210887478,0.8231816372722515
2024-01-31,203.0,477.0,258.0,8153.0,266.0,Wednesday,False,2024-01,0.5408805031446541,0.03262602722924077,461.0,524.0,1.1366594360086768,-55.0,-8.0,-9821.0,-33766.0,0.032983110842318246,0.007828419195166863,0.8175367449528309
2024-02-01,222.0,459.0,289.0,8026.0,337.0,Thursday,False,2024-02,0.6296296296296297,0.04198853725392474,511.0,626.0,1.2250489236790607,-67.0,-48.0,-9888.0,-33814.0,0.03329443981604985,0.00799853078477341,0.8094463850894213
2024-02-04,253.0,531.0,248.0,7813.0,342.0,Sunday,True,2024-02,0.4670433145009416,0.04377319851529502,501.0,590.0,1.1776447105788423,5.0,-94.0,-9883.0,-33908.0,0.03395054699414508,0.008024717010012014,0.7965460271043177
2024-02-05,157.0,466.0,345.0,7872.0,242.0,Monday,False,2024-02,0.740343347639485,0.030741869918699188,502.0,587.0,1.1693227091633467,-188.0,103.0,-10071.0,-33805.0,0.033846411802480554,0.00804609464765999,0.8045574720256338
2024-02-06,291.0,455.0,323.0,8045.0,178.0,Tuesday,False,2024-02,0.7098901098901099,0.022125543816034803,614.0,501.0,0.8159609120521173,-32.0,145.0,-10103.0,-33660.0,0.033127519673271454,0.0080993453055408,0.8023432827061813
2024-02-07,227.0,453.0,330.0,8160.0,222.0,Wednesday,False,2024-02,0.7284768211920529,0.027205882352941177,557.0,552.0,0.9910233393177738,-103.0,108.0,-10206.0,-33552.0,0.03299645468446186,0.008164207053625026,0.7917618978343518
2024-02-08,298.0,499.0,358.0,8188.0,315.0,Thursday,False,2024-02,0.717434869739479,0.03847093307278945,656.0,673.0,1.0259146341463414,-60.0,43.0,-10266.0,-33509.0,0.033422975311716556,0.008102548021314855,0.7880341170695702
2024-02-11,205.0,515.0,226.0,8056.0,347.0,Sunday,True,2024-02,0.4388349514563107,0.04307348560079444,431.0,573.0,1.3294663573085848,-21.0,-121.0,-10287.0,-33630.0,0.03386226818946807,0.008260378046623579,0.7767719811472401
2024-02-12,213.0,430.0,440.0,8092.0,234.0,Monday,False,2024-02,1.0232558139534884,0.028917449332674247,653.0,674.0,1.0321592649310873,-227.0,206.0,-10514.0,-33424.0,0.033766521546564926,0.008301771324876885,0.7791048073444437
2024-02-13,227.0,369.0,349.0,8348.0,160.0,Tuesday,False,2024-02,0.94579945799458,0.019166267369429803,576.0,509.0,0.8836805555555556,-122.0,189.0,-10636.0,-33235.0,0.03351609936412304,0.008629769999539743,0.785631455944263
2024-02-14,185.0,322.0,272.0,8512.0,230.0,Wednesday,False,2024-02,0.84472049689441,0.027020676691729324,457.0,502.0,1.0984682713347922,-87.0,42.0,-10723.0,-33193.0,0.0334387632080411,0.008678734650809039,0.7917723449353935
2024-02-15,333.0,508.0,272.0,8463.0,312.0,Thursday,False,2024-02,0.5354330708661418,0.03686635944700461,605.0,584.0,0.9652892561983472,61.0,-40.0,-10662.0,-33233.0,0.03384970318612468,0.008533411310919168,0.7873412023996391
2024-02-19,249.0,420.0,371.0,8380.0,218.0,Monday,False,2024-02,0.8833333333333333,0.026014319809069212,620.0,589.0,0.95,-122.0,153.0,-10784.0,-33080.0,0.03357395395503342,0.008651639673523259,0.7799435415809256
2024-02-20,149.0,395.0,273.0,8488.0,192.0,Tuesday,False,2024-02,0.6911392405063291,0.022620169651272386,422.0,465.0,1.1018957345971565,-124.0,81.0,-10908.0,-32999.0,0.033062878603526365,0.008834988433735182,0.7645634371684247
2024-02-21,232.0,430.0,318.0,8573.0,231.0,Wednesday,False,2024-02,0.7395348837209302,0.026945060072320073,550.0,549.0,0.9981818181818182,-86.0,87.0,-10994.0,-32912.0,0.032695966266054234,0.00885347164910115,0.7282770999591224
2024-02-22,165.0,400.0,292.0,8607.0,293.0,Thursday,False,2024-02,0.73,0.0340420587893575,457.0,585.0,1.2800875273522976,-127.0,-1.0,-11121.0,-32913.0,0.03280682299246281,0.00884864938615037,0.7347410174848955
2024-02-25,244.0,482.0,366.0,8404.0,329.0,Sunday,True,2024-02,0.7593360995850622,0.03914802475011899,610.0,695.0,1.139344262295082,-122.0,37.0,-11243.0,-32876.0,0.03283952034706725,0.008870923901952245,0.7169411096932864
2024-02-26,199.0,438.0,326.0,8404.0,329.0,Monday,False,2024-02,0.7442922374429224,0.03914802475011899,525.0,655.0,1.2476190476190476,-127.0,-3.0,-11370.0,-32879.0,0.03234734649015178,0.008031262044288057,0.7345613084577238
2024-02-27,197.0,369.0,306.0,8650.0,206.0,Tuesday,False,2024-02,0.8292682926829268,0.023815028901734103,503.0,512.0,1.0178926441351888,-109.0,100.0,-11479.0,-32779.0,0.03217018613979546,0.008162235259769432,0.7408199370817459
2024-02-28,209.0,447.0,274.0,8699.0,257.0,Wednesday,False,2024-02,0.6129753914988815,0.02954362570410392,483.0,531.0,1.0993788819875776,-65.0,17.0,-11544.0,-32762.0,0.032384450281159764,0.007999091116331476,0.7347218378868107
2024-02-29,262.0,444.0,354.0,8724.0,299.0,Thursday,False,2024-02,0.7972972972972973,0.03427326914259514,616.0,653.0,1.0600649350649352,-92.0,55.0,-11636.0,-32707.0,0.032069178677753045,0.00771789321314063,0.7376241720391448
2024-03-03,236.0,468.0,347.0,8594.0,354.0,Sunday,True,2024-03,0.7414529914529915,0.04119152897370258,583.0,701.0,1.202401372212693,-111.0,-7.0,-11747.0,-32714.0,0.031954208421624865,0.007547983444384246,0.7332612575698473
2024-03-04,225.0,509.0,340.0,8660.0,229.0,Monday,False,2024-03,0.6679764243614931,0.02644341801385681,565.0,569.0,1.0070796460176992,-115.0,111.0,-11862.0,-32603.0,0.03128478201598359,0.007087558775354964,0.7270586699134287
2024-03-05,246.0,472.0,345.0,8800.0,214.0,Tuesday,False,2024-03,0.7309322033898306,0.02431818181818182,591.0,559.0,0.9458544839255499,-99.0,131.0,-11961.0,-32472.0,0.03117131215251373,0.00717329100542082,0.734756410026423
2024-03-06,230.0,457.0,277.0,8870.0,232.0,Wednesday,False,2024-03,0.6061269146608315,0.026155580608793687,507.0,509.0,1.0039447731755424,-47.0,45.0,-12008.0,-32427.0,0.03121526205657258,0.0071370914918185945,0.7290834475326612
2024-03-07,181.0,424.0,328.0,8902.0,305.0,Thursday,False,2024-03,0.7735849056603774,0.03426196360368457,509.0,633.0,1.243614931237721,-147.0,23.0,-12155.0,-32404.0,0.031370966087719915,0.007151369566267898,0.7200056654764425
2024-03-10,190.0,368.0,326.0,8714.0,373.0,Sunday,True,2024-03,0.8858695652173914,0.04280468212072527,516.0,699.0,1.3546511627906976,-136.0,-47.0,-12291.0,-32451.0,0.03160381979492257,0.00741024015134892,0.7221977903134948
2024-03-11,178.0,336.0,290.0,8757.0,253.0,Monday,False,2024-03,0.8630952380952381,0.02889117277606486,468.0,543.0,1.1602564102564104,-112.0,37.0,-12403.0,-32414.0,0.031288331484492886,0.007313711842571631,0.7346252191319743
2024-03-12,154.0,294.0,290.0,8843.0,213.0,Tuesday,False,2024-03,0.9863945578231292,0.02408684835463078,444.0,503.0,1.132882882882883,-136.0,77.0,-12539.0,-32337.0,0.03128447453688319,0.0073176069115239726,0.7471619004711766
2024-03-13,165.0,358.0,167.0,8819.0,239.0,Wednesday,False,2024-03,0.4664804469273743,0.027100578296859055,332.0,406.0,1.2228915662650603,-2.0,-72.0,-12541.0,-32409.0,0.031425992224591574,0.007188886751682555,0.7276944136852541
2024-03-14,166.0,301.0,252.0,8695.0,310.0,Thursday,False,2024-03,0.8372093023255814,0.03565267395054629,418.0,562.0,1.3444976076555024,-86.0,-58.0,-12627.0,-32467.0,0.031526880448635095,0.007227443127114605,0.7375720403246183
2024-03-17,127.0,260.0,259.0,8373.0,342.0,Sunday,True,2024-03,0.9961538461538462,0.04084557506270154,386.0,601.0,1.5569948186528497,-132.0,-83.0,-12759.0,-32550.0,0.03148878170892765,0.007173202889908979,0.7497895142087588
2024-03-18,123.0,243.0,188.0,8333.0,283.0,Monday,False,2024-03,0.7736625514403292,0.033961358454338175,311.0,471.0,1.5144694533762058,-65.0,-95.0,-12824.0,-32645.0,0.031161720373562424,0.006808179708290086,0.7600101554400717
2024-03-19,99.0,202.0,256.0,8390.0,197.0,Tuesday,False,2024-03,1.2673267326732673,0.023480333730631704,355.0,453.0,1.276056338028169,-157.0,59.0,-12981.0,-32586.0,0.03091966916729351,0.006951203765835668,0.7775762682745312
2024-03-20,91.0,181.0,174.0,8365.0,227.0,Wednesday,False,2024-03,0.9613259668508287,0.02713687985654513,265.0,401.0,1.5132075471698114,-83.0,-53.0,-13064.0,-32639.0,0.031086713701977187,0.006790951175086117,0.7859574635065552
2024-03-21,132.0,261.0,141.0,8292.0,235.0,Thursday,False,2024-03,0.5402298850574713,0.028340569223347805,273.0,376.0,1.3772893772893773,-9.0,-94.0,-13073.0,-32733.0,0.031124536597657407,0.006771723812535168,0.7796825656354025
2024-03-24,124.0,264.0,221.0,7899.0,373.0,Sunday,True,2024-03,0.8371212121212122,0.04722116723635903,345.0,594.0,1.7217391304347827,-97.0,-152.0,-13170.0,-32885.0,0.03141621106977639,0.007269233264180069,0.7836721103814601
2024-03-25,128.0,242.0,224.0,7899.0,229.0,Monday,False,2024-03,0.9256198347107438,0.028991011520445625,352.0,453.0,1.2869318181818181,-96.0,-5.0,-13266.0,-32890.0,0.0309467952670981,0.006937628091917757,0.7998982731566079
2024-03-26,187.0,276.0,200.0,7919.0,208.0,Tuesday,False,2024-03,0.7246376811594203,0.02626594266952898,387.0,408.0,1.054263565891473,-13.0,-8.0,-13279.0,-32898.0,0.030858411711659928,0.006981126302873949,0.7899443353968058
2024-03-27,129.0,287.0,185.0,7893.0,215.0,Wednesday,False,2024-03,0.6445993031358885,0.027239325985050043,314.0,400.0,1.2738853503184713,-56.0,-30.0,-13335.0,-32928.0,0.03112751366551393,0.006663246272039611,0.7799043302348493
2024-03-28,161.0,288.0,248.0,7762.0,360.0,Thursday,False,2024-03,0.8611111111111112,0.04637979902087091,409.0,608.0,1.4865525672371638,-87.0,-112.0,-13422.0,-33040.0,0.031772817743151986,0.007169957085494496,0.7804506840420727
2024-03-31,105.0,254.0,151.0,7257.0,287.0,Sunday,True,2024-03,0.594488188976378,0.03954802259887006,256.0,438.0,1.7109375,-46.0,-136.0,-13468.0,-33176.0,0.031862206514880836,0.007251896747156875,0.7824191879790805
2024-04-01,109.0,235.0,171.0,7271.0,172.0,Monday,False,2024-04,0.7276595744680852,0.023655618209324714,280.0,343.0,1.225,-62.0,-1.0,-13530.0,-33177.0,0.03178358312822269,0.007329851694638152,0.7772300626835722
2024-04-02,101.0,230.0,175.0,7340.0,132.0,Tuesday,False,2024-04,0.7608695652173914,0.017983651226158037,276.0,307.0,1.1123188405797102,-74.0,43.0,-13604.0,-33134.0,0.03162903251405221,0.0075745227396668054,0.7795544068406078
2024-04-03,124.0,230.0,190.0,7346.0,163.0,Wednesday,False,2024-04,0.8260869565217391,0.02218894636536891,314.0,353.0,1.124203821656051,-66.0,27.0,-13670.0,-33107.0,0.031470495390487165,0.007724234267040066,0.782439475933968
2024-04-04,95.0,226.0,152.0,7317.0,225.0,Thursday,False,2024-04,0.672566371681416,0.03075030750307503,247.0,377.0,1.5263157894736843,-57.0,-73.0,-13727.0,-33180.0,0.03136077034761108,0.007709811483180118,0.7805250216566819
2024-04-07,106.0,239.0,233.0,6982.0,279.0,Sunday,True,2024-04,0.9748953974895398,0.039959896877685475,339.0,512.0,1.5103244837758112,-127.0,-46.0,-13854.0,-33226.0,0.0313878327518633,0.007739456175357804,0.7877103315868312
2024-04-08,102.0,230.0,167.0,6988.0,199.0,Monday,False,2024-04,0.7260869565217392,0.02847738981110475,269.0,366.0,1.3605947955390334,-65.0,-32.0,-13919.0,-33258.0,0.03103214492056283,0.0076147111659394355,0.7871034888894584
2024-04-09,118.0,231.0,217.0,7043.0,130.0,Tuesday,False,2024-04,0.9393939393939394,0.018458043447394577,335.0,347.0,1.035820895522388,-99.0,87.0,-14018.0,-33171.0,0.030853578738751507,0.00784899652244113,0.7907743437798255
2024-04-10,117.0,244.0,142.0,6999.0,227.0,Wednesday,False,2024-04,0.5819672131147541,0.03243320474353479,259.0,369.0,1.4247104247104247,-25.0,-85.0,-14043.0,-33256.0,0.03094989804006587,0.007850096781738845,0.7897407378336879
2024-04-11,183.0,221.0,220.0,6912.0,285.0,Thursday,False,2024-04,0.995475113122172,0.04123263888888889,403.0,505.0,1.2531017369727047,-37.0,-65.0,-14080.0,-33321.0,0.031181877031608997,0.008051926523168737,0.7963466650278505
2024-04-14,128.0,245.0,243.0,6630.0,290.0,Sunday,True,2024-04,0.9918367346938776,0.043740573152337855,371.0,533.0,1.4366576819407009,-115.0,-47.0,-14195.0,-33368.0,0.03126684517089684,0.008173724154392471,0.8046927898025465
2024-04-15,144.0,303.0,176.0,6681.0,191.0,Monday,False,2024-04,0.5808580858085809,0.028588534650501422,320.0,367.0,1.146875,-32.0,-15.0,-14227.0,-33383.0,0.03133834905878499,0.008139384335642484,0.8017888451841163
2024-04-16,219.0,392.0,205.0,6685.0,163.0,Tuesday,False,2024-04,0.5229591836734694,0.0243829468960359,424.0,368.0,0.8679245283018868,14.0,42.0,-14213.0,-33341.0,0.03134050789471346,0.008137466510081251,0.7948564111935708
2024-04-17,182.0,371.0,274.0,6725.0,227.0,Wednesday,False,2024-04,0.738544474393531,0.0337546468401487,456.0,501.0,1.0986842105263157,-92.0,47.0,-14305.0,-33294.0,0.0315938101024253,0.008088630186474325,0.7992703298513274
2024-04-18,144.0,322.0,258.0,6728.0,260.0,Thursday,False,2024-04,0.8012422360248447,0.03864447086801427,402.0,518.0,1.2885572139303483,-114.0,-2.0,-14419.0,-33296.0,0.031739893677902954,0.008177565551887657,0.8001922408634763
2024-04-21,208.0,380.0,343.0,6745.0,240.0,Sunday,True,2024-04,0.9026315789473685,0.03558191252779837,551.0,583.0,1.0580762250453721,-135.0,103.0,-14554.0,-33193.0,0.03149913469147206,0.007943545180878949,0.8007509746544755
2024-04-22,176.0,424.0,251.0,6799.0,214.0,Monday,False,2024-04,0.5919811320754716,0.031475216943668186,427.0,465.0,1.088992974238876,-75.0,37.0,-14629.0,-33156.0,0.03158526949705883,0.007928286160289564,0.79171383778715
2024-04-23,252.0,427.0,307.0,6967.0,134.0,Tuesday,False,2024-04,0.7189695550351288,0.019233529496196354,559.0,441.0,0.7889087656529516,-55.0,173.0,-14684.0,-32983.0,0.03142349220177768,0.008133430218305636,0.7827996710275501
2024-04-24,253.0,411.0,307.0,7128.0,154.0,Wednesday,False,2024-04,0.7469586374695864,0.021604938271604937,560.0,461.0,0.8232142857142857,-54.0,153.0,-14738.0,-32830.0,0.03124030420093588,0.008294446849645374,0.7921489440456237
2024-04-25,145.0,357.0,333.0,7209.0,217.0,Thursday,False,2024-04,0.9327731092436975,0.03010126231100014,478.0,550.0,1.1506276150627615,-188.0,116.0,-14926.0,-32714.0,0.03105525714628434,0.008254442367081985,0.7953344042762276
2024-04-28,158.0,349.0,365.0,7298.0,250.0,Sunday,True,2024-04,1.0458452722063036,0.034255960537133465,523.0,615.0,1.1759082217973231,-207.0,115.0,-15133.0,-32599.0,0.030835603328765407,0.008070562703661048,0.7969907851446429
2024-04-29,140.0,292.0,255.0,7373.0,187.0,Monday,False,2024-04,0.8732876712328768,0.025362810253628104,395.0,442.0,1.1189873417721519,-115.0,68.0,-15248.0,-32531.0,0.030548985055408404,0.008108322897636125,0.8003116224710612
2024-04-30,220.0,443.0,194.0,7431.0,135.0,Tuesday,False,2024-04,0.43792325056433407,0.018167137666532097,414.0,329.0,0.7946859903381642,26.0,59.0,-15222.0,-32472.0,0.03037187851993842,0.008323223467110993,0.7726648397340967
2024-05-01,197.0,437.0,295.0,7508.0,190.0,Wednesday,False,2024-05,0.6750572082379863,0.02530633990410229,492.0,485.0,0.9857723577235772,-98.0,105.0,-15320.0,-32367.0,0.03031086052152366,0.008354408678909683,0.7631225477803353
2024-05-02,206.0,411.0,293.0,7577.0,194.0,Thursday,False,2024-05,0.7128953771289538,0.02560380097663983,499.0,487.0,0.9759519038076152,-87.0,99.0,-15407.0,-32268.0,0.03021963491330006,0.008391524634938356,0.7688780641827181
2024-05-05,150.0,315.0,228.0,7447.0,332.0,Sunday,True,2024-05,0.7238095238095238,0.044581710756009134,378.0,560.0,1.4814814814814814,-78.0,-104.0,-15485.0,-32372.0,0.03013165303062173,0.008219190710421013,0.7651010079056618
2024-05-06,173.0,337.0,211.0,7449.0,205.0,Monday,False,2024-05,0.6261127596439169,0.02752047254665056,384.0,416.0,1.0833333333333333,-38.0,6.0,-15523.0,-32366.0,0.03008263506482856,0.008230604996680088,0.7551174387367676
2024-05-07,176.0,334.0,246.0,7566.0,163.0,Tuesday,False,2024-05,0.7365269461077845,0.02154374834787206,422.0,409.0,0.9691943127962085,-70.0,83.0,-15593.0,-32283.0,0.029925228587439994,0.008350397556674284,0.7555137475683796
2024-05-08,167.0,374.0,205.0,7583.0,202.0,Wednesday,False,2024-05,0.5481283422459893,0.02663853356191481,372.0,407.0,1.0940860215053763,-38.0,3.0,-15631.0,-32280.0,0.029905202173335487,0.008357778332424261,0.7522980488720497
2024-05-09,138.0,285.0,268.0,7570.0,244.0,Thursday,False,2024-05,0.9403508771929825,0.03223249669749009,406.0,512.0,1.2610837438423645,-130.0,24.0,-15761.0,-32256.0,0.02943362542922279,0.007774968057834308,0.7549393744081121
2024-05-12,138.0,301.0,263.0,7464.0,245.0,Sunday,True,2024-05,0.8737541528239202,0.03282422293676313,401.0,508.0,1.2668329177057356,-125.0,18.0,-15886.0,-32238.0,0.029209498773819228,0.007567493684612535,0.7642482398696969
2024-05-13,112.0,331.0,167.0,7499.0,157.0,Monday,False,2024-05,0.5045317220543807,0.02093612481664222,279.0,324.0,1.1612903225806452,-55.0,10.0,-15941.0,-32228.0,0.029118848994063147,0.007652131695710448,0.75681064478924
2024-05-14,246.0,419.0,218.0,7546.0,186.0,Tuesday,False,2024-05,0.5202863961813843,0.024648820567187913,464.0,404.0,0.8706896551724138,28.0,32.0,-15913.0,-32196.0,0.029341021305430807,0.00741063116557827,0.748791205821373
2024-05-15,115.0,285.0,341.0,7589.0,265.0,Wednesday,False,2024-05,1.1964912280701754,0.03491896165502701,456.0,606.0,1.3289473684210527,-226.0,76.0,-16139.0,-32120.0,0.029765355148419412,0.0073512036081859735,0.7611380148729876
2024-05-16,206.0,340.0,214.0,7565.0,234.0,Thursday,False,2024-05,0.6294117647058823,0.030931923331130203,420.0,448.0,1.0666666666666667,-8.0,-20.0,-16147.0,-32140.0,0.029771409009354585,0.007352117431072665,0.7596995279738031
2024-05-19,143.0,295.0,278.0,7356.0,298.0,Sunday,True,2024-05,0.9423728813559322,0.04051114736269712,421.0,576.0,1.368171021377672,-135.0,-20.0,-16282.0,-32160.0,0.029789784025521637,0.007379098759349461,0.7586154441026829
2024-05-20,111.0,268.0,217.0,7368.0,192.0,Monday,False,2024-05,0.8097014925373134,0.026058631921824105,328.0,409.0,1.2469512195121952,-106.0,25.0,-16388.0,-32135.0,0.029709158762545616,0.007407093433773216,0.7614025953032022
2024-05-21,196.0,348.0,176.0,7404.0,145.0,Tuesday,False,2024-05,0.5057471264367817,0.01958400864397623,372.0,321.0,0.8629032258064516,20.0,31.0,-16368.0,-32104.0,0.029746690935765006,0.007350755931407807,0.7469477015379635
2024-05-22,168.0,349.0,272.0,7474.0,208.0,Wednesday,False,2024-05,0.7793696275071633,0.02782981000802783,440.0,480.0,1.0909090909090908,-104.0,64.0,-16472.0,-32040.0,0.02959324444458144,0.007340782330319439,0.7535277820177104
2024-05-23,193.0,272.0,314.0,7494.0,227.0,Thursday,False,2024-05,1.1544117647058822,0.03029089938617561,507.0,541.0,1.0670611439842208,-121.0,87.0,-16593.0,-31953.0,0.029228519794491,0.00700676020536379,0.7588256704038341
2024-05-27,156.0,344.0,252.0,7365.0,167.0,Monday,False,2024-05,0.7325581395348837,0.02267481330617787,408.0,419.0,1.0269607843137254,-96.0,85.0,-16689.0,-31868.0,0.028526327799618997,0.006542447967544295,0.7501830505652011
2024-05-28,153.0,348.0,239.0,7418.0,151.0,Tuesday,False,2024-05,0.6867816091954023,0.020355891075761662,392.0,390.0,0.9948979591836735,-86.0,88.0,-16775.0,-31780.0,0.02825190634712767,0.006710254862808081,0.7537138346780949
2024-05-29,182.0,462.0,158.0,7491.0,141.0,Wednesday,False,2024-05,0.341991341991342,0.01882258710452543,340.0,299.0,0.8794117647058823,24.0,17.0,-16751.0,-31763.0,0.02806656102074399,0.006895052491199991,0.7476815732886908
2024-05-30,167.0,406.0,339.0,7563.0,190.0,Thursday,False,2024-05,0.8349753694581281,0.025122305963242098,506.0,529.0,1.0454545454545454,-172.0,149.0,-16923.0,-31614.0,0.027778816324847102,0.006829300777279347,0.7508959364575106
2024-06-02,159.0,330.0,322.0,7546.0,306.0,Sunday,True,2024-06,0.9757575757575757,0.040551285449244634,481.0,628.0,1.3056133056133057,-163.0,16.0,-17086.0,-31598.0,0.027842376810888116,0.006941860639255669,0.7567131144486017
2024-06-03,109.0,244.0,257.0,7596.0,224.0,Monday,False,2024-06,1.0532786885245902,0.02948920484465508,366.0,481.0,1.314207650273224,-148.0,33.0,-17234.0,-31565.0,0.02763928655478334,0.006795200397456753,0.7617346847678425
2024-06-04,260.0,356.0,176.0,7565.0,203.0,Tuesday,False,2024-06,0.4943820224719101,0.02683410442828817,436.0,379.0,0.8692660550458715,84.0,-27.0,-17150.0,-31592.0,0.027484582804270675,0.006757584917506609,0.7584813811143903
2024-06-05,173.0,345.0,291.0,7691.0,198.0,Wednesday,False,2024-06,0.8434782608695652,0.025744376544012484,464.0,489.0,1.0538793103448276,-118.0,93.0,-17268.0,-31499.0,0.02770161103919788,0.006585823497574588,0.7626316713088717
2024-06-06,179.0,326.0,282.0,7741.0,238.0,Thursday,False,2024-06,0.8650306748466258,0.030745381733626148,461.0,520.0,1.1279826464208242,-103.0,44.0,-17371.0,-31455.0,0.028006292487931916,0.006504982866589416,0.7665674058881062
2024-06-09,116.0,289.0,166.0,7451.0,312.0,Sunday,True,2024-06,0.5743944636678201,0.041873574016910484,282.0,478.0,1.6950354609929077,-50.0,-146.0,-17421.0,-31601.0,0.028398702878128925,0.006973897840886159,0.754621451035577
2024-06-10,184.0,334.0,229.0,7439.0,212.0,Monday,False,2024-06,0.6856287425149701,0.02849845409329211,413.0,441.0,1.0677966101694916,-45.0,17.0,-17466.0,-31584.0,0.02820678599666755,0.006885817012846155,0.7426142333791993
2024-06-11,186.0,352.0,224.0,7493.0,156.0,Tuesday,False,2024-06,0.6363636363636364,0.020819431469371413,410.0,380.0,0.926829268292683,-38.0,68.0,-17504.0,-31516.0,0.02805534003719233,0.006999548100249214,0.7347167655502246
2024-06-12,152.0,266.0,274.0,7548.0,212.0,Wednesday,False,2024-06,1.0300751879699248,0.028086910439851617,426.0,486.0,1.1408450704225352,-122.0,62.0,-17626.0,-31454.0,0.02838599912963631,0.006746035673991181,0.7544551634637442
2024-06-13,167.0,293.0,230.0,7544.0,259.0,Thursday,False,2024-06,0.7849829351535836,0.03433191940615058,397.0,489.0,1.2317380352644836,-63.0,-29.0,-17689.0,-31483.0,0.02868685177970459,0.006804955647593544,0.7581193543609308
2024-06-16,204.0,315.0,233.0,7307.0,294.0,Sunday,True,2024-06,0.7396825396825397,0.04023539072122622,437.0,527.0,1.205949656750572,-29.0,-61.0,-17718.0,-31544.0,0.029174571437857465,0.007094540531128302,0.7590122597793837
2024-06-17,159.0,310.0,272.0,7318.0,224.0,Monday,False,2024-06,0.8774193548387097,0.030609456135556164,431.0,496.0,1.1508120649651972,-113.0,48.0,-17831.0,-31496.0,0.0287088296171757,0.006480246227515505,0.7641325874803565
2024-06-18,160.0,297.0,253.0,7340.0,214.0,Tuesday,False,2024-06,0.8518518518518519,0.029155313351498638,413.0,467.0,1.1307506053268765,-93.0,39.0,-17924.0,-31457.0,0.02876332431067064,0.00647678136581641,0.7716572238872877
2024-06-19,204.0,321.0,246.0,7433.0,198.0,Wednesday,False,2024-06,0.7663551401869159,0.026637965828064037,450.0,444.0,0.9866666666666667,-42.0,48.0,-17966.0,-31409.0,0.028933131560010372,0.006346440885540476,0.7726514970232586
2024-06-20,145.0,247.0,243.0,7431.0,235.0,Thursday,False,2024-06,0.9838056680161943,0.03162427667877809,388.0,478.0,1.231958762886598,-98.0,8.0,-18064.0,-31401.0,0.02909932299723915,0.006349560233914907,0.7871740745489323
2024-06-23,102.0,227.0,201.0,7247.0,294.0,Sunday,True,2024-06,0.8854625550660793,0.04056851110804471,303.0,495.0,1.6336633663366336,-99.0,-93.0,-18163.0,-31494.0,0.029377190144257635,0.006665918809583017,0.7853444638113688
2024-06-24,116.0,175.0,172.0,7239.0,202.0,Monday,False,2024-06,0.9828571428571429,0.027904406686006356,288.0,374.0,1.2986111111111112,-56.0,-30.0,-18219.0,-31524.0,0.029213196269232408,0.006638653711703547,0.7889812301458096
2024-06-25,172.0,263.0,191.0,7239.0,202.0,Tuesday,False,2024-06,0.7262357414448669,0.027904406686006356,363.0,393.0,1.0826446280991735,-19.0,-11.0,-18238.0,-31535.0,0.029445472331544542,0.006458526636939688,0.7963713641254925
2024-06-26,132.0,235.0,197.0,7268.0,187.0,Wednesday,False,2024-06,0.8382978723404255,0.02572922399559714,329.0,384.0,1.1671732522796352,-65.0,10.0,-18303.0,-31525.0,0.029481485779158188,0.006433822663177779,0.8069717466641272
2024-06-27,174.0,208.0,256.0,7248.0,268.0,Thursday,False,2024-06,1.2307692307692308,0.0369757174392936,430.0,524.0,1.2186046511627906,-82.0,-12.0,-18385.0,-31537.0,0.029550044305300404,0.006504334109163746,0.8081143467540957
2024-06-30,123.0,230.0,167.0,6874.0,273.0,Sunday,True,2024-06,0.7260869565217392,0.03971486761710794,290.0,440.0,1.5172413793103448,-44.0,-106.0,-18429.0,-31643.0,0.029842809114833,0.006761266995662758,0.8113368531479576
2024-07-01,123.0,233.0,159.0,6825.0,229.0,Monday,False,2024-07,0.6824034334763949,0.03355311355311355,282.0,388.0,1.375886524822695,-36.0,-70.0,-18465.0,-31713.0,0.029610874654513546,0.00649685950777676,0.8026712048853063
2024-07-02,141.0,232.0,188.0,6823.0,184.0,Tuesday,False,2024-07,0.8103448275862069,0.026967609555913822,329.0,372.0,1.1306990881458967,-47.0,4.0,-18512.0,-31709.0,0.0296411739089832,0.006481823926618338,0.8026926493869361
2024-07-04,158.0,226.0,191.0,6790.0,225.0,Thursday,False,2024-07,0.8451327433628318,0.03313696612665685,349.0,416.0,1.191977077363897,-33.0,-34.0,-18545.0,-31743.0,0.030092939158405888,0.0062238651808670985,0.8140055032844711
2024-07-07,96.0,160.0,233.0,6599.0,213.0,Sunday,True,2024-07,1.45625,0.032277617820881954,329.0,446.0,1.3556231003039514,-137.0,20.0,-18682.0,-31723.0,0.030241199418834363,0.006221071174149008,0.8365681823675657
2024-07-08,141.0,173.0,129.0,6617.0,123.0,Monday,False,2024-07,0.7456647398843931,0.018588484207344717,270.0,252.0,0.9333333333333333,12.0,6.0,-18670.0,-31717.0,0.029851118912873332,0.00657468627215439,0.8229432815401826
2024-07-09,116.0,181.0,182.0,6651.0,130.0,Tuesday,False,2024-07,1.0055248618784531,0.019545932942414676,298.0,312.0,1.0469798657718121,-66.0,52.0,-18736.0,-31665.0,0.02974682290074789,0.006715755160046634,0.8320421722849682
2024-07-10,150.0,157.0,201.0,6649.0,177.0,Wednesday,False,2024-07,1.2802547770700636,0.02662054444277335,351.0,378.0,1.0769230769230769,-51.0,24.0,-18787.0,-31641.0,0.029955644679648282,0.006507861225328949,0.8518246112141238
2024-07-11,80.0,176.0,125.0,6640.0,197.0,Thursday,False,2024-07,0.7102272727272727,0.02966867469879518,205.0,322.0,1.5707317073170732,-45.0,-72.0,-18832.0,-31713.0,0.030317180932790608,0.0061600257529826835,0.8640991422386547
2024-07-14,116.0,188.0,164.0,6308.0,237.0,Sunday,True,2024-07,0.8723404255319149,0.037571337983512997,280.0,401.0,1.4321428571428572,-48.0,-73.0,-18880.0,-31786.0,0.030732148666799634,0.006217055858834365,0.865344644107781
2024-07-15,105.0,185.0,158.0,6283.0,171.0,Monday,False,2024-07,0.8540540540540541,0.027216297946840683,263.0,329.0,1.2509505703422052,-53.0,-13.0,-18933.0,-31799.0,0.03028764908338617,0.005962295570838472,0.8612878600509969
2024-07-16,136.0,246.0,123.0,6239.0,173.0,Tuesday,False,2024-07,0.5,0.02772880269273922,259.0,296.0,1.1428571428571428,13.0,-50.0,-18920.0,-31849.0,0.03022896901165564,0.005979063953009576,0.8428452371001772
2024-07-17,128.0,228.0,177.0,6228.0,187.0,Wednesday,False,2024-07,0.7763157894736842,0.030025690430314708,305.0,364.0,1.1934426229508197,-49.0,-10.0,-18969.0,-31859.0,0.030335355211723192,0.0059448721537439944,0.8522430293335698
2024-07-21,90.0,196.0,205.0,6058.0,262.0,Sunday,True,2024-07,1.0459183673469388,0.04324859689666557,295.0,467.0,1.583050847457627,-115.0,-57.0,-19084.0,-31916.0,0.030918829223478293,0.006325550571160653,0.8589910328828155
2024-07-22,102.0,189.0,155.0,6002.0,234.0,Monday,False,2024-07,0.8201058201058201,0.03898700433188937,257.0,389.0,1.5136186770428015,-53.0,-79.0,-19137.0,-31995.0,0.031193549976753734,0.006494470676317417,0.8574935377247886
2024-07-23,120.0,257.0,126.0,5965.0,170.0,Tuesday,False,2024-07,0.490272373540856,0.028499580888516344,246.0,296.0,1.2032520325203253,-6.0,-44.0,-19143.0,-32039.0,0.030747750205807268,0.006187860096042423,0.8546894680538899
2024-07-24,137.0,272.0,166.0,5927.0,177.0,Wednesday,False,2024-07,0.6102941176470589,0.02986333727011979,303.0,343.0,1.132013201320132,-29.0,-11.0,-19172.0,-32050.0,0.030793246311701526,0.0061757577249667815,0.8521783138916261
2024-07-25,93.0,198.0,208.0,5954.0,194.0,Thursday,False,2024-07,1.0505050505050506,0.03258313738663084,301.0,402.0,1.3355481727574752,-115.0,14.0,-19287.0,-32036.0,0.031185369842276833,0.005887372291612122,0.8659830276963398
2024-07-28,152.0,290.0,199.0,5743.0,207.0,Sunday,True,2024-07,0.6862068965517242,0.03604387950548494,351.0,406.0,1.1566951566951567,-47.0,-8.0,-19334.0,-32044.0,0.031450602144464615,0.005922102500471166,0.8545207513157332
2024-07-29,114.0,210.0,219.0,5819.0,163.0,Monday,False,2024-07,1.042857142857143,0.028011685856676405,333.0,382.0,1.147147147147147,-105.0,56.0,-19439.0,-31988.0,0.031239927692815472,0.005928482643258534,0.8631165582391852
2024-07-30,125.0,203.0,208.0,5930.0,92.0,Tuesday,False,2024-07,1.0246305418719213,0.01551433389544688,333.0,300.0,0.9009009009009009,-83.0,116.0,-19522.0,-31872.0,0.030415892465289494,0.006338892567778613,0.8726148249788312
2024-07-31,140.0,261.0,163.0,5963.0,154.0,Wednesday,False,2024-07,0.6245210727969349,0.02582592654704008,303.0,317.0,1.046204620462046,-23.0,9.0,-19545.0,-31863.0,0.030256441479005625,0.0063937814409238515,0.8641848822441054
2024-08-01,227.0,298.0,212.0,6016.0,169.0,Thursday,False,2024-08,0.7114093959731543,0.028091755319148936,439.0,381.0,0.8678815489749431,15.0,43.0,-19530.0,-31820.0,0.030220989544593967,0.006403039337965963,0.859503467048149
2024-08-04,63.0,167.0,143.0,5943.0,170.0,Sunday,True,2024-08,0.8562874251497006,0.028605081608615177,206.0,313.0,1.5194174757281553,-80.0,-27.0,-19610.0,-31847.0,0.030286560070612336,0.00637509319696724,0.8625012098802417
2024-08-05,172.0,259.0,138.0,5950.0,150.0,Monday,False,2024-08,0.5328185328185329,0.025210084033613446,310.0,288.0,0.9290322580645162,34.0,-12.0,-19576.0,-31859.0,0.030072753649106852,0.006435950516527891,0.8474683053736529
2024-08-06,163.0,283.0,200.0,5998.0,143.0,Tuesday,False,2024-08,0.7067137809187279,0.023841280426808935,363.0,343.0,0.9449035812672176,-37.0,57.0,-19613.0,-31802.0,0.029515179293065665,0.006216124670044654,0.8415100129020746
2024-08-07,135.0,273.0,207.0,6038.0,174.0,Wednesday,False,2024-08,0.7582417582417582,0.028817489234845974,342.0,381.0,1.1140350877192982,-72.0,33.0,-19685.0,-31769.0,0.029545615378026982,0.006210198408347597,0.8340228334148951
2024-08-08,119.0,230.0,213.0,6084.0,174.0,Thursday,False,2024-08,0.9260869565217391,0.028599605522682446,332.0,387.0,1.1656626506024097,-94.0,39.0,-19779.0,-31730.0,0.02956878867258285,0.006205158094872461,0.8406845405841242
2024-08-11,95.0,211.0,140.0,5894.0,249.0,Sunday,True,2024-08,0.6635071090047393,0.04224635222259925,235.0,389.0,1.6553191489361703,-45.0,-109.0,-19824.0,-31839.0,0.030119359613482923,0.006574507015255102,0.8348581818062679
2024-08-12,109.0,219.0,155.0,5903.0,148.0,Monday,False,2024-08,0.7077625570776256,0.025071997289513807,264.0,303.0,1.1477272727272727,-46.0,7.0,-19870.0,-31832.0,0.029722568941823593,0.006505284512307345,0.8174246260165478
2024-08-13,162.0,239.0,189.0,5981.0,123.0,Tuesday,False,2024-08,0.7907949790794979,0.02056512288914897,351.0,312.0,0.8888888888888888,-27.0,66.0,-19897.0,-31766.0,0.02908424411755829,0.006430080438573558,0.8195815601018065
2024-08-14,109.0,226.0,191.0,5987.0,178.0,Wednesday,False,2024-08,0.8451327433628318,0.029731084015366626,300.0,369.0,1.23,-82.0,13.0,-19979.0,-31753.0,0.028956843132966727,0.006376121338687652,0.8250058704313544
2024-08-15,124.0,241.0,156.0,5895.0,220.0,Thursday,False,2024-08,0.6473029045643154,0.037319762510602206,280.0,376.0,1.3428571428571427,-32.0,-64.0,-20011.0,-31817.0,0.02930191489812301,0.006542702992631504,0.8195711396639579
2024-08-18,86.0,244.0,235.0,5821.0,178.0,Sunday,True,2024-08,0.9631147540983607,0.030578938326747983,321.0,413.0,1.2866043613707165,-149.0,57.0,-20160.0,-31760.0,0.029216647304792717,0.006507573744283882,0.8235038733551423
2024-08-19,176.0,254.0,162.0,5865.0,158.0,Monday,False,2024-08,0.6377952755905512,0.026939471440750214,338.0,320.0,0.9467455621301775,14.0,4.0,-20146.0,-31756.0,0.029038709092121653,0.006493957653799913,0.7962220492081606
2024-08-20,136.0,274.0,245.0,5995.0,112.0,Tuesday,False,2024-08,0.8941605839416058,0.018682235195996665,381.0,357.0,0.937007874015748,-109.0,133.0,-20255.0,-31623.0,0.02904183412507672,0.006488775860097203,0.8011719106767343
2024-08-21,134.0,245.0,167.0,6028.0,156.0,Wednesday,False,2024-08,0.6816326530612244,0.025879230258792303,301.0,323.0,1.0730897009966778,-33.0,11.0,-20288.0,-31612.0,0.029252944035622643,0.0062684625372025965,0.79037550371616
2024-08-22,182.0,307.0,205.0,6054.0,171.0,Thursday,False,2024-08,0.6677524429967426,0.028245787908820614,387.0,376.0,0.9715762273901809,-23.0,34.0,-20311.0,-31578.0,0.029307118817824218,0.00625192892569299,0.7699587592470494
2024-08-27,149.0,285.0,222.0,6152.0,97.0,Tuesday,False,2024-08,0.7789473684210526,0.015767230169050715,371.0,319.0,0.8598382749326146,-73.0,125.0,-20384.0,-31453.0,0.0288437373334994,0.0067217301586135975,0.7722494291035088
2024-08-28,170.0,285.0,178.0,6227.0,134.0,Wednesday,False,2024-08,0.624561403508772,0.021519190621487074,348.0,312.0,0.896551724137931,-8.0,44.0,-20392.0,-31409.0,0.028308665754765205,0.006641450187064491,0.7639901283694039
2024-08-29,145.0,295.0,188.0,6250.0,169.0,Thursday,False,2024-08,0.6372881355932203,0.02704,333.0,357.0,1.072072072072072,-43.0,19.0,-20435.0,-31390.0,0.02830278915653718,0.006642527993965468,0.7567645977540428
2024-09-02,133.0,270.0,198.0,6192.0,129.0,Monday,False,2024-09,0.7333333333333333,0.020833333333333332,331.0,327.0,0.9879154078549849,-65.0,69.0,-20500.0,-31321.0,0.028072940177890318,0.006780933105387466,0.7645423755318207
2024-09-03,131.0,263.0,177.0,6272.0,112.0,Tuesday,False,2024-09,0.6730038022813688,0.017857142857142856,308.0,289.0,0.9383116883116883,-46.0,65.0,-20546.0,-31256.0,0.02766732192545126,0.007019834107385932,0.76109864262541
2024-09-04,121.0,231.0,219.0,6375.0,114.0,Wednesday,False,2024-09,0.948051948051948,0.01788235294117647,340.0,333.0,0.9794117647058823,-98.0,105.0,-20644.0,-31151.0,0.02682178046026829,0.006593061486493051,0.7578364286489104
2024-09-05,126.0,230.0,175.0,6448.0,121.0,Thursday,False,2024-09,0.7608695652173914,0.018765508684863524,301.0,296.0,0.9833887043189369,-49.0,54.0,-20693.0,-31097.0,0.026147730605367424,0.006335085335520354,0.7558618868192961
2024-09-08,123.0,255.0,164.0,6312.0,221.0,Sunday,True,2024-09,0.6431372549019608,0.03501267427122941,287.0,385.0,1.3414634146341464,-41.0,-57.0,-20734.0,-31154.0,0.02636483371812453,0.00652715255454533,0.7609573828646662
2024-09-09,144.0,275.0,190.0,6353.0,141.0,Monday,False,2024-09,0.6909090909090909,0.022194238942232016,334.0,331.0,0.9910179640718563,-46.0,49.0,-20780.0,-31105.0,0.026109197107194934,0.0065355835689492724,0.7636445486400674
2024-09-10,131.0,251.0,180.0,6396.0,148.0,Tuesday,False,2024-09,0.7171314741035857,0.023139462163852407,311.0,328.0,1.0546623794212218,-49.0,32.0,-20829.0,-31073.0,0.025794407933102323,0.006439737575460398,0.7525320960933519
2024-09-11,93.0,248.0,175.0,6410.0,162.0,Wednesday,False,2024-09,0.7056451612903226,0.02527301092043682,268.0,337.0,1.257462686567164,-82.0,13.0,-20911.0,-31060.0,0.025435378980267386,0.006141968444561322,0.7531800382513051
2024-09-12,184.0,280.0,210.0,6360.0,220.0,Thursday,False,2024-09,0.75,0.03459119496855346,394.0,430.0,1.0913705583756346,-26.0,-10.0,-20937.0,-31070.0,0.025654695950663286,0.006351046957216874,0.7434181334894003
2024-09-13,81.0,200.0,212.0,6326.0,279.0,Friday,False,2024-09,1.06,0.0441036990199178,293.0,491.0,1.6757679180887373,-131.0,-67.0,-21068.0,-31137.0,0.026607674788145647,0.006898355220826078,0.744597115427003
2024-09-15,98.0,220.0,167.0,6234.0,210.0,Sunday,True,2024-09,0.759090909090909,0.03368623676612127,265.0,377.0,1.4226415094339622,-69.0,-43.0,-21137.0,-31180.0,0.026869685128781687,0.007015911140066135,0.7490827766368021
2024-09-16,113.0,209.0,160.0,6229.0,164.0,Monday,False,2024-09,0.7655502392344498,0.026328463637823086,273.0,324.0,1.1868131868131868,-47.0,-4.0,-21184.0,-31184.0,0.026810908739404164,0.007012705439531638,0.7508874714121786
2024-09-17,159.0,304.0,139.0,6227.0,160.0,Tuesday,False,2024-09,0.45723684210526316,0.025694555965954713,298.0,299.0,1.0033557046979866,20.0,-21.0,-21164.0,-31205.0,0.026713891217982146,0.007007158667400742,0.7375857853106974
2024-09-18,116.0,213.0,217.0,6245.0,149.0,Wednesday,False,2024-09,1.0187793427230047,0.02385908726981585,333.0,366.0,1.0990990990990992,-101.0,68.0,-21265.0,-31137.0,0.02666885799252223,0.007021483129767302,0.7537844789741798
2024-09-19,93.0,196.0,169.0,6270.0,188.0,Thursday,False,2024-09,0.8622448979591837,0.029984051036682616,262.0,357.0,1.3625954198473282,-76.0,-19.0,-21341.0,-31156.0,0.026873617012851347,0.007025748351953492,0.7589688495421949
2024-09-22,124.0,234.0,161.0,5989.0,197.0,Sunday,True,2024-09,0.688034188034188,0.032893638336951074,285.0,358.0,1.256140350877193,-37.0,-36.0,-21378.0,-31192.0,0.027009488649588187,0.007103620353617234,0.7566285972019426
2024-09-23,92.0,203.0,173.0,6002.0,165.0,Monday,False,2024-09,0.8522167487684729,0.02749083638787071,265.0,338.0,1.2754716981132075,-81.0,8.0,-21459.0,-31184.0,0.02697252967842779,0.007097944060588345,0.7541662569435004
2024-09-24,186.0,259.0,172.0,6023.0,143.0,Tuesday,False,2024-09,0.6640926640926641,0.023742321102440643,358.0,315.0,0.8798882681564246,14.0,29.0,-21445.0,-31155.0,0.026355728641089173,0.006504043234453787,0.7541857754464313
2024-09-25,154.0,225.0,220.0,6050.0,169.0,Wednesday,False,2024-09,0.9777777777777777,0.02793388429752066,374.0,389.0,1.0401069518716577,-66.0,51.0,-21511.0,-31104.0,0.026451124874689404,0.006505552984327908,0.763186282803103
2024-09-26,91.0,199.0,172.0,6090.0,185.0,Thursday,False,2024-09,0.864321608040201,0.030377668308702793,263.0,357.0,1.3574144486692015,-81.0,-13.0,-21592.0,-31117.0,0.026778209722007864,0.0064458154251824575,0.7656371704351265
2024-09-29,81.0,213.0,153.0,5925.0,177.0,Sunday,True,2024-09,0.7183098591549296,0.029873417721518986,234.0,330.0,1.4102564102564104,-72.0,-24.0,-21664.0,-31141.0,0.026782954178879607,0.006448115814186801,0.7614097409615296
2024-09-30,209.0,285.0,184.0,5967.0,138.0,Monday,False,2024-09,0.6456140350877193,0.023127199597787834,393.0,322.0,0.8193384223918575,25.0,46.0,-21639.0,-31095.0,0.026309868748452467,0.0061627178454747395,0.7613534453123099
2024-10-01,184.0,314.0,217.0,6040.0,137.0,Tuesday,False,2024-10,0.6910828025477707,0.022682119205298012,401.0,354.0,0.8827930174563591,-33.0,80.0,-21672.0,-31015.0,0.026046641444404127,0.006142701302108065,0.7522857135939567
2024-10-02,107.0,215.0,230.0,6091.0,173.0,Wednesday,False,2024-10,1.069767441860465,0.028402561155803644,337.0,403.0,1.195845697329377,-123.0,57.0,-21795.0,-30958.0,0.02609541110157258,0.006155828349035988,0.7666847858029541
2024-10-03,101.0,162.0,178.0,6118.0,193.0,Thursday,False,2024-10,1.0987654320987654,0.03154625694671461,279.0,371.0,1.3297491039426523,-77.0,-15.0,-21872.0,-30973.0,0.026524211826596512,0.00606906485663756,0.7735049474081926
2024-10-07,99.0,190.0,176.0,5968.0,153.0,Monday,False,2024-10,0.9263157894736842,0.025636729222520107,275.0,329.0,1.1963636363636363,-77.0,23.0,-21949.0,-30950.0,0.02651612845872077,0.00607011493020992,0.7816610519552747
2024-10-08,167.0,239.0,166.0,6013.0,123.0,Tuesday,False,2024-10,0.694560669456067,0.02045567936138367,333.0,289.0,0.8678678678678678,1.0,43.0,-21948.0,-30907.0,0.026256458173806205,0.006159537108825152,0.7825546595039188
2024-10-09,115.0,216.0,169.0,6047.0,137.0,Wednesday,False,2024-10,0.7824074074074074,0.022655862411112948,284.0,306.0,1.0774647887323943,-54.0,32.0,-22002.0,-30875.0,0.026486079248541614,0.0058769439484589745,0.7826699941367973
2024-10-10,84.0,158.0,193.0,6075.0,159.0,Thursday,False,2024-10,1.2215189873417722,0.02617283950617284,277.0,352.0,1.2707581227436824,-109.0,34.0,-22111.0,-30841.0,0.026641200878031138,0.0058022643913035925,0.8025685802645639
2024-10-13,130.0,227.0,192.0,5889.0,210.0,Sunday,True,2024-10,0.8458149779735683,0.03565970453387672,322.0,402.0,1.2484472049689441,-62.0,-18.0,-22173.0,-30859.0,0.026928524362493697,0.006031582436155959,0.8095194750105754
2024-10-14,88.0,214.0,160.0,5935.0,106.0,Monday,False,2024-10,0.7476635514018691,0.017860151642796966,248.0,266.0,1.0725806451612903,-72.0,54.0,-22245.0,-30805.0,0.026829418306142484,0.0061582828541209,0.8099971489461933
2024-10-15,113.0,208.0,159.0,6013.0,107.0,Tuesday,False,2024-10,0.7644230769230769,0.017794777981041076,272.0,266.0,0.9779411764705882,-46.0,52.0,-22291.0,-30753.0,0.02682733947693909,0.0061614257560011765,0.813044458100917
2024-10-16,174.0,285.0,150.0,6036.0,129.0,Wednesday,False,2024-10,0.5263157894736842,0.021371769383697812,324.0,279.0,0.8611111111111112,24.0,21.0,-22267.0,-30732.0,0.026943653358356467,0.006018008739297893,0.7989865861483081
2024-10-17,104.0,230.0,206.0,6076.0,160.0,Thursday,False,2024-10,0.8956521739130435,0.026333113890717578,310.0,366.0,1.1806451612903226,-102.0,46.0,-22369.0,-30686.0,0.02719590686521827,0.005818692232472833,0.8034793397714967
2024-10-20,147.0,276.0,214.0,5918.0,195.0,Sunday,True,2024-10,0.7753623188405797,0.03295032105441027,361.0,409.0,1.1329639889196677,-67.0,19.0,-22436.0,-30667.0,0.027127161757990965,0.005734733414959734,0.8078868419027838
2024-10-21,108.0,220.0,213.0,5966.0,154.0,Monday,False,2024-10,0.9681818181818181,0.025812939993295342,321.0,367.0,1.1433021806853583,-105.0,59.0,-22541.0,-30608.0,0.027247785126359746,0.005665031284905191,0.8171292661452081
2024-10-22,180.0,280.0,146.0,6043.0,109.0,Tuesday,False,2024-10,0.5214285714285715,0.018037398643058082,326.0,255.0,0.7822085889570553,34.0,37.0,-22507.0,-30571.0,0.027077716342333268,0.0058656510476707705,0.810605836056041
2024-10-23,134.0,294.0,186.0,6077.0,138.0,Wednesday,False,2024-10,0.6326530612244898,0.022708573309198617,320.0,324.0,1.0125,-52.0,48.0,-22559.0,-30523.0,0.026992235088625326,0.005911366147079524,0.8081727660538466
2024-10-27,202.0,313.0,158.0,5974.0,192.0,Sunday,True,2024-10,0.5047923322683706,0.03213927017073987,360.0,350.0,0.9722222222222222,44.0,-34.0,-22515.0,-30557.0,0.02691050426203154,0.00581890682664941,0.799999177129459
2024-10-28,110.0,272.0,193.0,6008.0,156.0,Monday,False,2024-10,0.7095588235294118,0.02596537949400799,303.0,349.0,1.1518151815181519,-83.0,37.0,-22598.0,-30520.0,0.02630589361116788,0.004828976177382041,0.7883178045804392
2024-10-29,166.0,277.0,229.0,6106.0,126.0,Tuesday,False,2024-10,0.8267148014440433,0.020635440550278415,395.0,355.0,0.8987341772151899,-63.0,103.0,-22661.0,-30417.0,0.025870867070639784,0.004727974148187468,0.7905719343255437
2024-10-30,136.0,276.0,178.0,6149.0,160.0,Wednesday,False,2024-10,0.644927536231884,0.026020491136770206,314.0,338.0,1.0764331210191083,-42.0,18.0,-22703.0,-30399.0,0.02586060132060469,0.004727280613652016,0.7865511775587916
2024-10-31,87.0,246.0,173.0,6148.0,177.0,Thursday,False,2024-10,0.7032520325203252,0.028789850357839947,260.0,350.0,1.3461538461538463,-86.0,-4.0,-22789.0,-30403.0,0.0259637778003342,0.004757215373874312,0.7947516839059603
2024-11-03,84.0,171.0,157.0,5990.0,184.0,Sunday,True,2024-11,0.9181286549707602,0.030717863105175294,241.0,341.0,1.4149377593360997,-73.0,-27.0,-22862.0,-30430.0,0.02619240366151284,0.004817014945657056,0.7913966609808855
2024-11-04,167.0,209.0,157.0,6007.0,132.0,Monday,False,2024-11,0.7511961722488039,0.021974363242883304,324.0,289.0,0.8919753086419753,10.0,25.0,-22852.0,-30405.0,0.025925414068386204,0.004821582686515382,0.7876950367905395
2024-11-05,109.0,245.0,159.0,6045.0,126.0,Tuesday,False,2024-11,0.6489795918367347,0.020843672456575684,268.0,285.0,1.0634328358208955,-50.0,33.0,-22902.0,-30372.0,0.025523748539040356,0.004721959050314232,0.786393216917291
2024-11-06,156.0,256.0,176.0,6086.0,137.0,Wednesday,False,2024-11,0.6875,0.022510680249753532,332.0,313.0,0.9427710843373494,-20.0,39.0,-22922.0,-30333.0,0.02535774333443645,0.004737933621260731,0.7809026586250086
2024-11-07,125.0,232.0,192.0,6084.0,177.0,Thursday,False,2024-11,0.8275862068965517,0.029092702169625246,317.0,369.0,1.16403785488959,-67.0,15.0,-22989.0,-30318.0,0.025536089370009268,0.004775579200277267,0.7863524433851382
2024-11-11,118.0,139.0,168.0,5963.0,145.0,Monday,False,2024-11,1.20863309352518,0.024316619151433842,286.0,313.0,1.0944055944055944,-50.0,23.0,-23039.0,-30295.0,0.025415513865139707,0.004758585988809255,0.7940476205767183
2024-11-12,142.0,235.0,139.0,5975.0,138.0,Tuesday,False,2024-11,0.5914893617021276,0.02309623430962343,281.0,277.0,0.9857651245551602,3.0,1.0,-23036.0,-30294.0,0.02517279939850373,0.004681838900951028,0.7849532123654491
2024-11-13,148.0,245.0,175.0,5966.0,151.0,Wednesday,False,2024-11,0.7142857142857143,0.02531009051290647,323.0,326.0,1.0092879256965945,-27.0,24.0,-23063.0,-30270.0,0.02502068849154998,0.004597217125723393,0.784819074203142
2024-11-14,119.0,219.0,210.0,6025.0,172.0,Thursday,False,2024-11,0.958904109589041,0.028547717842323652,329.0,382.0,1.1610942249240122,-91.0,38.0,-23154.0,-30232.0,0.025201372433034504,0.004626658095993324,0.7952620766865194
2024-11-17,105.0,210.0,149.0,5816.0,195.0,Sunday,True,2024-11,0.7095238095238096,0.03352819807427786,254.0,344.0,1.3543307086614174,-44.0,-46.0,-23198.0,-30278.0,0.025562908395333834,0.004841776283671299,0.795876776919054
2024-11-18,143.0,203.0,163.0,5819.0,138.0,Monday,False,2024-11,0.8029556650246306,0.023715415019762844,306.0,301.0,0.9836601307189542,-20.0,25.0,-23218.0,-30253.0,0.02540667019079914,0.0048225705784098365,0.7869830510245261
2024-11-19,119.0,209.0,152.0,5844.0,146.0,Tuesday,False,2024-11,0.7272727272727273,0.024982888432580425,271.0,298.0,1.099630996309963,-33.0,6.0,-23251.0,-30247.0,0.025187891240328,0.004681244901838536,0.7745999608636581
2024-11-20,155.0,212.0,181.0,5879.0,148.0,Wednesday,False,2024-11,0.8537735849056604,0.025174349379146112,336.0,329.0,0.9791666666666666,-26.0,33.0,-23277.0,-30214.0,0.0251724785788822,0.004680477290878497,0.7721818873780574
2024-11-21,109.0,214.0,173.0,5850.0,210.0,Thursday,False,2024-11,0.8084112149532711,0.035897435897435895,282.0,383.0,1.3581560283687943,-64.0,-37.0,-23341.0,-30251.0,0.02568720379675061,0.004983169658691367,0.7759769055612975
2024-11-24,191.0,283.0,192.0,5664.0,207.0,Sunday,True,2024-11,0.6784452296819788,0.036546610169491525,383.0,399.0,1.04177545691906,-1.0,-15.0,-23342.0,-30266.0,0.026150228722029895,0.005325389185392337,0.7725114996371166
2024-11-25,170.0,297.0,196.0,5715.0,129.0,Monday,False,2024-11,0.6599326599326599,0.02257217847769029,366.0,325.0,0.8879781420765027,-26.0,67.0,-23368.0,-30199.0,0.026030206687747144,0.005365287866888906,0.7537919553901463
2024-11-26,152.0,272.0,214.0,5826.0,112.0,Tuesday,False,2024-11,0.7867647058823529,0.01922416752488843,366.0,326.0,0.8907103825136612,-62.0,102.0,-23430.0,-30097.0,0.025482355454114203,0.005184172909908116,0.7518236129871058
2024-11-27,239.0,367.0,224.0,5862.0,211.0,Wednesday,False,2024-11,0.6103542234332425,0.03599454111224838,463.0,435.0,0.9395248380129589,15.0,13.0,-23415.0,-30084.0,0.026086835103095913,0.0053202281550239075,0.7472466353881515
2024-11-28,113.0,280.0,237.0,5963.0,143.0,Thursday,False,2024-11,0.8464285714285714,0.02398121750796579,350.0,380.0,1.0857142857142856,-124.0,94.0,-23539.0,-29990.0,0.0262930497539934,0.005103209540110339,0.749980151871668
2024-12-01,196.0,306.0,187.0,5986.0,149.0,Sunday,True,2024-12,0.6111111111111112,0.02489141329769462,383.0,336.0,0.8772845953002611,9.0,38.0,-23530.0,-29952.0,0.026410371217793296,0.005026043673378204,0.7528066625929156
2024-12-02,236.0,330.0,222.0,6061.0,115.0,Monday,False,2024-12,0.6727272727272727,0.018973766705164163,458.0,337.0,0.7358078602620087,14.0,107.0,-23516.0,-29845.0,0.02616505964494152,0.00520630956775581,0.7453758325533898
2024-12-03,81.0,230.0,242.0,6192.0,107.0,Tuesday,False,2024-12,1.0521739130434782,0.01728036175710594,323.0,349.0,1.0804953560371517,-161.0,135.0,-23677.0,-29710.0,0.025642727668364708,0.005287517126391138,0.7546028856934865
2024-12-04,118.0,245.0,160.0,6269.0,115.0,Wednesday,False,2024-12,0.6530612244897959,0.01834423353006859,278.0,275.0,0.9892086330935251,-42.0,45.0,-23719.0,-29665.0,0.025393770786257146,0.005452481061553003,0.7440988659037525
2024-12-05,218.0,283.0,208.0,6310.0,150.0,Thursday,False,2024-12,0.734982332155477,0.02377179080824089,426.0,358.0,0.8403755868544601,10.0,58.0,-23709.0,-29607.0,0.025584917191763243,0.005283596742426914,0.7512173245946492
2024-12-08,132.0,243.0,183.0,6286.0,172.0,Sunday,True,2024-12,0.7530864197530864,0.02736239261851734,315.0,355.0,1.126984126984127,-51.0,11.0,-23760.0,-29596.0,0.025740044502073862,0.005264518748188332,0.7552317698789358
2024-12-09,224.0,315.0,152.0,6268.0,174.0,Monday,False,2024-12,0.48253968253968255,0.027760051052967454,376.0,326.0,0.8670212765957447,72.0,-22.0,-23688.0,-29618.0,0.025594070531481453,0.00514020882829237,0.7544900148879795
2024-12-10,167.0,326.0,213.0,6310.0,149.0,Tuesday,False,2024-12,0.6533742331288344,0.023613312202852614,380.0,362.0,0.9526315789473684,-46.0,64.0,-23734.0,-29554.0,0.025515668288442938,0.005152273629401528,0.7526171952079603
2024-12-11,209.0,353.0,232.0,6402.0,152.0,Wednesday,False,2024-12,0.6572237960339944,0.023742580443611373,441.0,384.0,0.8707482993197279,-23.0,80.0,-23757.0,-29474.0,0.025619239618220706,0.005081532453262184,0.7469674950276254
2024-12-12,153.0,253.0,286.0,6481.0,194.0,Thursday,False,2024-12,1.1304347826086956,0.02993365221416448,439.0,480.0,1.0933940774487472,-133.0,92.0,-23890.0,-29382.0,0.025749678320800513,0.00514205083112433,0.7631510699068524
2024-12-15,180.0,337.0,219.0,6408.0,224.0,Sunday,True,2024-12,0.6498516320474778,0.03495630461922597,399.0,443.0,1.1102756892230576,-39.0,-5.0,-23929.0,-29387.0,0.025955226796180047,0.005385266401562898,0.7613710565577575
2024-12-16,133.0,287.0,189.0,6454.0,149.0,Monday,False,2024-12,0.6585365853658537,0.0230864580105361,322.0,338.0,1.049689440993789,-56.0,40.0,-23985.0,-29347.0,0.025700846626358742,0.0053325208629756244,0.7527179875709272
2024-12-17,187.0,310.0,247.0,6506.0,151.0,Tuesday,False,2024-12,0.7967741935483871,0.02320934521979711,434.0,398.0,0.9170506912442397,-60.0,96.0,-24045.0,-29251.0,0.025742012692255865,0.0053074691850914886,0.75423725494758
2024-12-18,168.0,285.0,210.0,6598.0,134.0,Wednesday,False,2024-12,0.7368421052631579,0.020309184601394362,378.0,344.0,0.91005291005291,-42.0,76.0,-24087.0,-29175.0,0.025724196430416495,0.005325346052524364,0.7571660053951275
2024-12-19,269.0,412.0,204.0,6600.0,238.0,Thursday,False,2024-12,0.49514563106796117,0.036060606060606064,473.0,442.0,0.9344608879492601,65.0,-34.0,-24022.0,-29209.0,0.026175860624111577,0.005610380367825205,0.7507541930973929
2024-12-22,100.0,255.0,236.0,6595.0,268.0,Sunday,True,2024-12,0.9254901960784314,0.04063684609552692,336.0,504.0,1.5,-136.0,-32.0,-24158.0,-29241.0,0.026560665421641632,0.006183918416610285,0.7540176594034554
2024-12-23,205.0,294.0,177.0,6548.0,231.0,Monday,False,2024-12,0.6020408163265306,0.03527794746487477,382.0,408.0,1.068062827225131,28.0,-54.0,-24130.0,-29295.0,0.02692604303208966,0.006367847038124032,0.7337979168301672
2024-12-24,161.0,304.0,211.0,6622.0,155.0,Tuesday,False,2024-12,0.694078947368421,0.023406825732407127,372.0,366.0,0.9838709677419355,-50.0,56.0,-24180.0,-29239.0,0.026936396079515788,0.006361655176921148,0.7372175696857103
2024-12-25,57.0,162.0,193.0,6689.0,107.0,Wednesday,False,2024-12,1.191358024691358,0.015996412019733893,250.0,300.0,1.2,-136.0,86.0,-24316.0,-29153.0,0.026625940129743363,0.006663839463959261,0.7531199800325651
2024-12-26,80.0,122.0,152.0,6707.0,135.0,Thursday,False,2024-12,1.2459016393442623,0.020128224243327865,232.0,287.0,1.2370689655172413,-72.0,17.0,-24388.0,-29136.0,0.026345290343110173,0.00675675929442993,0.7626865643577391
2024-12-29,107.0,170.0,133.0,6465.0,216.0,Sunday,True,2024-12,0.7823529411764706,0.03341067285382831,240.0,349.0,1.4541666666666666,-26.0,-83.0,-24414.0,-29219.0,0.026341372835761857,0.006752483821082561,0.7651142020794945
2024-12-30,99.0,156.0,139.0,6454.0,177.0,Monday,False,2024-12,0.8910256410256411,0.02742485280446235,238.0,316.0,1.3277310924369747,-40.0,-38.0,-24454.0,-29257.0,0.026465020761918503,0.006736684708441035,0.7680498679461948
2025-01-01,25.0,66.0,94.0,6405.0,144.0,Wednesday,False,2025-01,1.4242424242424243,0.022482435597189696,119.0,238.0,2.0,-69.0,-50.0,-24523.0,-29307.0,0.026381672334072147,0.0067710350772604965,0.7912821911785181
2025-01-02,35.0,70.0,53.0,6292.0,170.0,Thursday,False,2025-01,0.7571428571428571,0.0270184361093452,88.0,223.0,2.534090909090909,-18.0,-117.0,-24541.0,-29424.0,0.02644314189174545,0.006768066623285393,0.788061166919758
2025-01-05,43.0,73.0,64.0,5882.0,185.0,Sunday,True,2025-01,0.8767123287671232,0.031451887113226794,107.0,249.0,2.3271028037383177,-21.0,-121.0,-24562.0,-29545.0,0.026294956932271813,0.006600522807874606,0.7903378707135531
2025-01-06,41.0,60.0,71.0,5769.0,190.0,Monday,False,2025-01,1.1833333333333333,0.03293465071936211,112.0,261.0,2.330357142857143,-30.0,-119.0,-24592.0,-29664.0,0.026174558283934165,0.00643801855155653,0.8071674741685981
2025-01-07,65.0,83.0,65.0,5703.0,133.0,Tuesday,False,2025-01,0.7831325301204819,0.02332105909170612,130.0,198.0,1.523076923076923,0.0,-68.0,-24592.0,-29732.0,0.026199520971068025,0.006425007786214359,0.8112741365081922
2025-01-08,38.0,80.0,82.0,5605.0,184.0,Wednesday,False,2025-01,1.025,0.03282783229259589,120.0,266.0,2.216666666666667,-44.0,-102.0,-24636.0,-29834.0,0.02665297646332494,0.006395718733186008,0.8192153129787805
2025-01-09,56.0,82.0,68.0,5507.0,164.0,Thursday,False,2025-01,0.8292682926829268,0.02978027964408934,124.0,232.0,1.8709677419354838,-12.0,-96.0,-24648.0,-29930.0,0.026445834414386308,0.006179720129663317,0.8265124486204366
2025-01-12,74.0,103.0,80.0,5092.0,235.0,Sunday,True,2025-01,0.7766990291262136,0.04615082482325216,154.0,315.0,2.0454545454545454,-6.0,-155.0,-24654.0,-30085.0,0.027184821324895855,0.007127674444094566,0.8241881305436913
2025-01-13,68.0,107.0,102.0,5019.0,181.0,Monday,False,2025-01,0.9532710280373832,0.03606296074915322,170.0,283.0,1.6647058823529413,-34.0,-79.0,-24688.0,-30164.0,0.027557206239944475,0.007293620429118564,0.8355934611079003
2025-01-14,92.0,124.0,93.0,4957.0,139.0,Tuesday,False,2025-01,0.75,0.0280411539237442,185.0,232.0,1.2540540540540541,-1.0,-46.0,-24689.0,-30210.0,0.027859452480563807,0.0071112544539890295,0.838169218683658
2025-01-15,113.0,162.0,107.0,4903.0,164.0,Wednesday,False,2025-01,0.6604938271604939,0.033448908831327756,220.0,271.0,1.231818181818182,6.0,-57.0,-24683.0,-30267.0,0.028398404049704538,0.0068911213624227915,0.8251132158208918
2025-01-16,106.0,196.0,131.0,4881.0,159.0,Thursday,False,2025-01,0.6683673469387755,0.032575291948371235,237.0,290.0,1.2236286919831223,-25.0,-28.0,-24708.0,-30295.0,0.028872772663647957,0.006661128452449222,0.8256234199025244
2025-01-19,86.0,152.0,168.0,4628.0,176.0,Sunday,True,2025-01,1.105263157894737,0.03802938634399308,254.0,344.0,1.3543307086614174,-82.0,-8.0,-24790.0,-30303.0,0.029348025848173028,0.006791972762172457,0.8379661140938331
2025-01-20,84.0,118.0,136.0,4638.0,127.0,Monday,False,2025-01,1.152542372881356,0.02738249245364381,220.0,263.0,1.1954545454545455,-52.0,9.0,-24842.0,-30294.0,0.029348695842677245,0.006791771123423734,0.8512813125314422
2025-01-21,59.0,64.0,117.0,4728.0,54.0,Tuesday,False,2025-01,1.828125,0.011421319796954314,176.0,171.0,0.9715909090909091,-58.0,63.0,-24900.0,-30231.0,0.028804071467476808,0.007537687020865528,0.8961341564467861
2025-01-22,62.0,97.0,52.0,4717.0,83.0,Wednesday,False,2025-01,0.5360824742268041,0.017595929616281536,114.0,135.0,1.1842105263157894,10.0,-31.0,-24890.0,-30262.0,0.02860349204792444,0.00775743590329462,0.8922244311500518
2025-01-23,91.0,75.0,97.0,4621.0,174.0,Thursday,False,2025-01,1.2933333333333332,0.03765418740532352,188.0,271.0,1.4414893617021276,-6.0,-77.0,-24896.0,-30339.0,0.02906721227998151,0.0078718005503647,0.913428082393363
2025-01-26,29.0,51.0,11.0,4241.0,182.0,Sunday,True,2025-01,0.21568627450980393,0.042914406979485974,40.0,193.0,4.825,18.0,-171.0,-24878.0,-30510.0,0.029499904105492226,0.008267863606067362,0.8829364654567333
2025-01-27,33.0,53.0,34.0,4161.0,127.0,Monday,False,2025-01,0.6415094339622641,0.030521509252583512,67.0,161.0,2.4029850746268657,-1.0,-93.0,-24879.0,-30603.0,0.02935207759327081,0.00820635850996103,0.8826583921872262
2025-01-28,32.0,49.0,39.0,4096.0,101.0,Tuesday,False,2025-01,0.7959183673469388,0.024658203125,71.0,140.0,1.971830985915493,-7.0,-62.0,-24886.0,-30665.0,0.029404469097086276,0.008169914114486443,0.887237784919929
2025-01-29,32.0,50.0,39.0,4036.0,99.0,Wednesday,False,2025-01,0.78,0.024529236868186324,71.0,138.0,1.943661971830986,-7.0,-60.0,-24893.0,-30725.0,0.029448465485365914,0.008138896946082873,0.8866786451349828
2025-01-30,47.0,42.0,47.0,3923.0,159.0,Thursday,False,2025-01,1.119047619047619,0.04053020647463676,94.0,206.0,2.1914893617021276,0.0,-112.0,-24893.0,-30837.0,0.030122499547807328,0.008193051160475667,0.8994188289277981
2025-02-02,20.0,22.0,41.0,3483.0,168.0,Sunday,True,2025-02,1.8636363636363635,0.04823428079242033,61.0,209.0,3.4262295081967213,-21.0,-127.0,-24914.0,-30964.0,0.030528288705534472,0.008777895627765675,0.9450351866800782
2025-02-03,23.0,45.0,11.0,3403.0,102.0,Monday,False,2025-02,0.24444444444444444,0.02997355274757567,34.0,113.0,3.323529411764706,12.0,-91.0,-24902.0,-31055.0,0.030172845593936095,0.008567836211801154,0.922333661625612
2025-02-04,34.0,54.0,29.0,3359.0,74.0,Tuesday,False,2025-02,0.5370370370370371,0.022030366180410838,63.0,103.0,1.6349206349206349,5.0,-45.0,-24897.0,-31100.0,0.029731259551120635,0.008636759174490083,0.9201668689826289
2025-02-05,26.0,36.0,36.0,3290.0,104.0,Wednesday,False,2025-02,1.0,0.031610942249240125,62.0,140.0,2.2580645161290325,-10.0,-68.0,-24907.0,-31168.0,0.030004730101681733,0.008559136722831618,0.9303642374036816
2025-02-06,25.0,32.0,27.0,3181.0,145.0,Thursday,False,2025-02,0.84375,0.045583149952845015,52.0,172.0,3.3076923076923075,-2.0,-118.0,-24909.0,-31286.0,0.0309909546994521,0.008593864777531286,0.918777303247303
2025-02-09,15.0,13.0,23.0,2878.0,99.0,Sunday,True,2025-02,1.7692307692307692,0.03439888811674774,38.0,122.0,3.210526315789474,-8.0,-76.0,-24917.0,-31362.0,0.03146664349523277,0.008363730286639073,0.9362216075768531
2025-02-10,16.0,18.0,15.0,2834.0,63.0,Monday,False,2025-02,0.8333333333333334,0.022230063514467185,31.0,78.0,2.5161290322580645,1.0,-48.0,-24916.0,-31410.0,0.031093956517254058,0.008521728489490076,0.937920953982082
2025-02-11,11.0,22.0,12.0,2799.0,50.0,Tuesday,False,2025-02,0.5454545454545454,0.01786352268667381,23.0,62.0,2.6956521739130435,-1.0,-38.0,-24917.0,-31448.0,0.030775245513327776,0.008836660691605575,0.9264019174630455
2025-02-12,16.0,20.0,20.0,2752.0,66.0,Wednesday,False,2025-02,1.0,0.023982558139534885,36.0,86.0,2.388888888888889,-4.0,-46.0,-24921.0,-31494.0,0.030825249598072615,0.008792248714706723,0.9122605033216312
2025-02-13,15.0,10.0,23.0,2703.0,72.0,Thursday,False,2025-02,2.3,0.026637069922308545,38.0,95.0,2.5,-8.0,-49.0,-24929.0,-31543.0,0.03081253739183806,0.008798216234633144,0.9636890747502027
2025-02-17,8.0,17.0,14.0,2532.0,15.0,Monday,False,2025-02,0.8235294117647058,0.005924170616113744,22.0,29.0,1.3181818181818181,-6.0,-1.0,-24935.0,-31544.0,0.029961613508600958,0.009899755391395286,0.9619163108501222
2025-02-18,18.0,19.0,11.0,2536.0,9.0,Tuesday,False,2025-02,0.5789473684210527,0.003548895899053628,29.0,20.0,0.6896551724137931,7.0,2.0,-24928.0,-31542.0,0.02898208834792401,0.010989270884363219,0.9417701120197127
2025-02-19,12.0,17.0,17.0,2528.0,19.0,Wednesday,False,2025-02,1.0,0.007515822784810127,29.0,36.0,1.2413793103448276,-5.0,-2.0,-24933.0,-31544.0,0.028455247137694144,0.011630199419658852,0.9489990276823633
2025-02-20,13.0,25.0,15.0,2520.0,32.0,Thursday,False,2025-02,0.6,0.012698412698412698,28.0,47.0,1.6785714285714286,-2.0,-17.0,-24935.0,-31561.0,0.027784266484554707,0.011945618872542689,0.9348323610156968
2025-02-23,7.0,16.0,8.0,2423.0,35.0,Sunday,True,2025-02,0.5,0.014444903012794058,15.0,43.0,2.8666666666666667,-1.0,-27.0,-24936.0,-31588.0,0.027273087263511527,0.01218301802908219,0.9238567512595991
2025-02-24,20.0,22.0,14.0,2413.0,24.0,Monday,False,2025-02,0.6363636363636364,0.009946125155408206,34.0,38.0,1.1176470588235294,6.0,-10.0,-24930.0,-31598.0,0.026066263941250063,0.012040898530450985,0.9191789048341799
2025-02-25,11.0,7.0,7.0,2413.0,23.0,Tuesday,False,2025-02,1.0,0.009531703273932863,18.0,30.0,1.6666666666666667,4.0,-16.0,-24926.0,-31614.0,0.02518188869207605,0.01225379328623194,0.9207365372329338
2025-02-26,12.0,21.0,1.0,2411.0,23.0,Wednesday,False,2025-02,0.047619047619047616,0.00953961012028204,13.0,24.0,1.8461538461538463,11.0,-22.0,-24915.0,-31636.0,0.02456517056529398,0.012566517212850152,0.8973238388202354
2025-02-27,10.0,15.0,17.0,2391.0,37.0,Thursday,False,2025-02,1.1333333333333333,0.01547469677959013,27.0,54.0,2.0,-7.0,-20.0,-24922.0,-31656.0,0.02396603016356939,0.012556836470699426,0.9130851556926634
2025-03-02,12.0,24.0,4.0,2297.0,31.0,Sunday,True,2025-03,0.16666666666666666,0.013495864170657379,16.0,35.0,2.1875,8.0,-27.0,-24914.0,-31683.0,0.023330049237645596,0.01258888529712433,0.8963617996835931
2025-03-03,8.0,29.0,18.0,2287.0,25.0,Monday,False,2025-03,0.6206896551724138,0.010931351114997814,26.0,43.0,1.6538461538461537,-10.0,-7.0,-24924.0,-31690.0,0.022426781396679085,0.012469412752944033,0.880209349592849
2025-03-04,4.0,25.0,10.0,2272.0,30.0,Tuesday,False,2025-03,0.4,0.013204225352112676,14.0,40.0,2.857142857142857,-6.0,-20.0,-24930.0,-31710.0,0.02195417249329472,0.01254357517965701,0.8551246038301371
2025-03-05,5.0,20.0,4.0,2238.0,40.0,Wednesday,False,2025-03,0.2,0.017873100983020553,9.0,44.0,4.888888888888889,1.0,-36.0,-24929.0,-31746.0,0.02216923186616359,0.012411373695230208,0.8008537704968037
2025-03-06,7.0,27.0,6.0,2218.0,33.0,Thursday,False,2025-03,0.2222222222222222,0.014878268710550046,13.0,39.0,3.0,1.0,-27.0,-24928.0,-31773.0,0.022078643169305873,0.012455743134552643,0.790391762096651
2025-03-09,12.0,25.0,15.0,2137.0,30.0,Sunday,True,2025-03,0.6,0.014038371548900327,27.0,45.0,1.6666666666666667,-3.0,-15.0,-24931.0,-31788.0,0.0212914493074251,0.012180649914970388,0.7672806509855399
2025-03-10,6.0,28.0,8.0,2125.0,23.0,Monday,False,2025-03,0.2857142857142857,0.010823529411764706,14.0,31.0,2.2142857142857144,-2.0,-15.0,-24933.0,-31803.0,0.02022175338850106,0.011612086904224076,0.7696149180256894
2025-03-11,3.0,11.0,7.0,2116.0,20.0,Tuesday,False,2025-03,0.6363636363636364,0.00945179584120983,10.0,27.0,2.7,-4.0,-13.0,-24937.0,-31816.0,0.019519429608121933,0.011604822956652903,0.7694433914390684
2025-03-12,6.0,18.0,2.0,2113.0,8.0,Wednesday,False,2025-03,0.1111111111111111,0.003786086133459536,8.0,10.0,1.25,4.0,-6.0,-24933.0,-31822.0,0.018823692375070585,0.011907828712169674,0.7466164828978742
2025-03-13,4.0,20.0,9.0,2116.0,6.0,Thursday,False,2025-03,0.45,0.002835538752362949,13.0,15.0,1.1538461538461537,-5.0,3.0,-24938.0,-31819.0,0.018100569104543142,0.012204402477119118,0.7356164828978742
2025-03-16,1.0,9.0,8.0,2117.0,5.0,Sunday,True,2025-03,0.8888888888888888,0.0023618327822390174,9.0,13.0,1.4444444444444444,-7.0,3.0,-24945.0,-31816.0,0.016828289981463216,0.011767187163288792,0.7279445252259165
2025-03-17,5.0,14.0,0.0,2111.0,8.0,Monday,False,2025-03,0.0,0.0037896731406916154,5.0,8.0,1.6,5.0,-8.0,-24940.0,-31824.0,0.015346803059738925,0.010394559723746593,0.6658233131047043
2025-03-18,19.0,34.0,6.0,2109.0,8.0,Tuesday,False,2025-03,0.17647058823529413,0.003793266951161688,25.0,14.0,0.56,13.0,-2.0,-24927.0,-31826.0,0.014474126866525126,0.010221773180579152,0.6635575178977327
2025-03-19,6.0,22.0,14.0,2119.0,9.0,Wednesday,False,2025-03,0.6363636363636364,0.004247286455875413,20.0,23.0,1.15,-8.0,5.0,-24935.0,-31821.0,0.013881357542373943,0.010283909443410151,0.6668684045419526
2025-03-20,9.0,20.0,11.0,2124.0,7.0,Thursday,False,2025-03,0.55,0.003295668549905838,20.0,18.0,0.9,-2.0,4.0,-24937.0,-31817.0,0.012937515085729469,0.00989252328231978,0.6518684045419526
2025-03-23,15.0,29.0,9.0,2136.0,2.0,Sunday,True,2025-03,0.3103448275862069,0.0009363295880149813,24.0,11.0,0.4583333333333333,6.0,7.0,-24931.0,-31810.0,0.011449287740235134,0.007986723570515771,0.6340882321281595
2025-03-24,7.0,13.0,11.0,2139.0,7.0,Monday,False,2025-03,0.8461538461538461,0.0032725572697522207,18.0,18.0,1.0,-4.0,4.0,-24935.0,-31806.0,0.010411743378668618,0.006842374721471347,0.6033190013589288
2025-03-25,12.0,19.0,7.0,2145.0,6.0,Tuesday,False,2025-03,0.3684210526315789,0.002797202797202797,19.0,13.0,0.6842105263157895,5.0,1.0,-24930.0,-31805.0,0.009763981354759803,0.006600536371329032,0.5878219253355369
2025-03-26,9.0,21.0,15.0,2159.0,2.0,Wednesday,False,2025-03,0.7142857142857143,0.0009263547938860583,24.0,17.0,0.7083333333333334,-6.0,13.0,-24936.0,-31792.0,0.00919940909166688,0.006608208452299791,0.5934496309632425
2025-03-27,1.0,19.0,13.0,2159.0,2.0,Thursday,False,2025-03,0.6842105263157895,0.0009263547938860583,14.0,15.0,1.0714285714285714,-12.0,11.0,-24948.0,-31781.0,0.00843086898014525,0.006154803182024651,0.5829233151737689
2025-03-30,9.0,20.0,5.0,2188.0,2.0,Sunday,True,2025-03,0.25,0.0009140767824497258,14.0,7.0,0.5,4.0,3.0,-24944.0,-31778.0,0.007573435875483291,0.005257333565674159,0.5145899818404356
2025-03-31,9.0,25.0,8.0,2193.0,5.0,Monday,False,2025-03,0.32,0.002279981760145919,17.0,13.0,0.7647058823529411,1.0,3.0,-24943.0,-31775.0,0.007451962913617697,0.0053382324356173825,0.4978056681149453
2025-04-01,17.0,36.0,7.0,2191.0,12.0,Tuesday,False,2025-04,0.19444444444444445,0.005476951163852123,24.0,19.0,0.7916666666666666,10.0,-5.0,-24933.0,-31780.0,0.007516231422444313,0.0053010989967220475,0.48498890398239175
2025-04-02,5.0,31.0,16.0,2208.0,3.0,Wednesday,False,2025-04,0.5161290322580645,0.001358695652173913,21.0,19.0,0.9047619047619048,-11.0,13.0,-24944.0,-31767.0,0.00731099385135644,0.005418994178831149,0.4688598717243273
2025-04-03,12.0,26.0,18.0,2223.0,8.0,Thursday,False,2025-04,0.6923076923076923,0.003598740440845704,30.0,26.0,0.8666666666666667,-6.0,10.0,-24950.0,-31757.0,0.007007671442770872,0.005361406944912413,0.4719367948012503
2025-04-06,7.0,14.0,7.0,2234.0,11.0,Sunday,True,2025-04,0.5,0.004923903312444047,14.0,18.0,1.2857142857142858,0.0,-4.0,-24950.0,-31761.0,0.0066903047860925385,0.005184871483764174,0.4719367948012503
2025-04-07,12.0,22.0,9.0,2237.0,5.0,Monday,False,2025-04,0.4090909090909091,0.002235136343316942,21.0,14.0,0.6666666666666666,3.0,4.0,-24947.0,-31757.0,0.006433271825689497,0.005208977853553856,0.46436103722549277
2025-04-08,12.0,34.0,12.0,2243.0,9.0,Tuesday,False,2025-04,0.35294117647058826,0.004012483281319661,24.0,21.0,0.875,0.0,3.0,-24947.0,-31754.0,0.0062492978259357235,0.0051932137576448075,0.44279240977451234
2025-04-09,6.0,19.0,10.0,2251.0,5.0,Wednesday,False,2025-04,0.5263157894736842,0.002221235006663705,16.0,15.0,0.9375,-4.0,5.0,-24951.0,-31749.0,0.006005351988815113,0.005205197842420288,0.4587489678363336
2025-04-10,18.0,25.0,17.0,2265.0,6.0,Thursday,False,2025-04,0.68,0.0026490066225165563,35.0,23.0,0.6571428571428571,1.0,11.0,-24950.0,-31738.0,0.0055778289835793264,0.004919495834255599,0.44363785672522243
2025-04-11,8.0,22.0,8.0,2267.0,9.0,Friday,False,2025-04,0.36363636363636365,0.003970004411116012,16.0,17.0,1.0625,0.0,-1.0,-24950.0,-31739.0,0.005260300324927947,0.004693013236109055,0.45020351329087904
2025-04-13,5.0,26.0,10.0,2283.0,3.0,Sunday,True,2025-04,0.38461538461538464,0.001314060446780552,15.0,13.0,0.8666666666666667,-5.0,7.0,-24955.0,-31732.0,0.004939723969320705,0.004620179649864517,0.44233437093897804
2025-04-14,5.0,26.0,9.0,2282.0,13.0,Monday,False,2025-04,0.34615384615384615,0.0056967572304995615,14.0,22.0,1.5714285714285714,-4.0,-4.0,-24959.0,-31736.0,0.004689475031933602,0.004352677021083188,0.44053949914410634
2025-04-15,4.0,19.0,12.0,2286.0,7.0,Tuesday,False,2025-04,0.631578947368421,0.0030621172353455816,16.0,19.0,1.1875,-8.0,5.0,-24967.0,-31731.0,0.004195775573677769,0.003576533892170968,0.45492546405638695
2025-04-16,11.0,30.0,5.0,2291.0,8.0,Wednesday,False,2025-04,0.16666666666666666,0.003491924923614142,16.0,13.0,0.8125,6.0,-3.0,-24961.0,-31734.0,0.003816230780779906,0.002953749016941334,0.4530736122045351
2025-04-17,7.0,26.0,10.0,2288.0,14.0,Thursday,False,2025-04,0.38461538461538464,0.006118881118881119,17.0,24.0,1.411764705882353,-3.0,-4.0,-24964.0,-31738.0,0.003552247766445932,0.0022874001967145025,0.44589412502504794
2025-04-20,4.0,15.0,6.0,2305.0,4.0,Sunday,True,2025-04,0.4,0.0017353579175704988,10.0,10.0,1.0,-2.0,2.0,-24966.0,-31736.0,0.0032493087166394585,0.0018514689420549052,0.4497036488345717
2025-04-21,10.0,25.0,5.0,2308.0,6.0,Monday,False,2025-04,0.2,0.0025996533795493936,15.0,11.0,0.7333333333333333,5.0,-1.0,-24961.0,-31737.0,0.0030209039679174447,0.0014359464463624574,0.43515819428911723
2025-04-22,7.0,19.0,14.0,2305.0,17.0,Tuesday,False,2025-04,0.7368421052631579,0.00737527114967462,21.0,31.0,1.4761904761904763,-7.0,-3.0,-24968.0,-31740.0,0.0031405434684579473,0.0016373014511081134,0.4560158940941854
2025-04-23,3.0,23.0,4.0,2300.0,11.0,Wednesday,False,2025-04,0.17391304347826086,0.004782608695652174,7.0,15.0,2.142857142857143,-1.0,-7.0,-24969.0,-31747.0,0.0032054457999009215,0.0016631804406528879,0.4468129955434607
2025-04-24,3.0,9.0,7.0,2294.0,13.0,Thursday,False,2025-04,0.7777777777777778,0.005666957279860506,10.0,20.0,2.0,-4.0,-6.0,-24973.0,-31753.0,0.0033156166164883044,0.0017140608541939056,0.4431092918397571
2025-04-27,9.0,40.0,12.0,2301.0,4.0,Sunday,True,2025-04,0.3,0.001738374619730552,21.0,16.0,0.7619047619047619,-3.0,8.0,-24976.0,-31745.0,0.0032472399991229353,0.0017352813109778866,0.4531092918397571
2025-04-28,6.0,26.0,12.0,2307.0,8.0,Monday,False,2025-04,0.46153846153846156,0.0034677069787602947,18.0,20.0,1.1111111111111112,-6.0,4.0,-24982.0,-31741.0,0.003236388000042889,0.0017327650108194279,0.462611554283196
2025-04-29,11.0,25.0,11.0,2304.0,15.0,Tuesday,False,2025-04,0.44,0.006510416666666667,22.0,26.0,1.1818181818181819,0.0,-4.0,-24982.0,-31745.0,0.003311825673735931,0.0018250969331119514,0.4560660997377415
2025-04-30,7.0,34.0,9.0,2309.0,12.0,Wednesday,False,2025-04,0.2647058823529412,0.00519705500216544,16.0,21.0,1.3125,-2.0,-3.0,-24984.0,-31748.0,0.0033752052221445845,0.0018572477337940492,0.4465562958161728
2025-05-01,13.0,32.0,14.0,2306.0,16.0,Thursday,False,2025-05,0.4375,0.006938421509106678,27.0,30.0,1.1111111111111112,-1.0,-2.0,-24985.0,-31750.0,0.0035752749528476404,0.001908052484552702,0.45079480156329926
2025-05-04,9.0,31.0,10.0,2335.0,5.0,Sunday,True,2025-05,0.3225806451612903,0.0021413276231263384,19.0,15.0,0.7894736842105263,-1.0,5.0,-24986.0,-31745.0,0.0035375672979601116,0.0019253407684236144,0.43334236153021405
2025-05-05,15.0,44.0,20.0,2331.0,17.0,Monday,False,2025-05,0.45454545454545453,0.007293007293007293,35.0,37.0,1.0571428571428572,-5.0,3.0,-24991.0,-31742.0,0.003687427447820261,0.002037430965100858,0.43621317492734324
2025-05-06,10.0,33.0,16.0,2339.0,16.0,Tuesday,False,2025-05,0.48484848484848486,0.006840530141085934,26.0,32.0,1.2307692307692308,-6.0,0.0,-24997.0,-31742.0,0.003884566626060257,0.0020471615497718557,0.4285652672794356
2025-05-07,10.0,30.0,15.0,2335.0,10.0,Wednesday,False,2025-05,0.5,0.004282655246252677,25.0,25.0,1.0,-5.0,5.0,-25002.0,-31737.0,0.003996443307805811,0.001970184723205561,0.42242491640224256
2025-05-08,15.0,24.0,16.0,2361.0,11.0,Thursday,False,2025-05,0.6666666666666666,0.004659042778483694,31.0,27.0,0.8709677419354839,-1.0,5.0,-25003.0,-31732.0,0.00412127550767361,0.0018849473584638613,0.4363138052911315
2025-05-11,15.0,20.0,12.0,2385.0,3.0,Sunday,True,2025-05,0.6,0.0012578616352201257,27.0,15.0,0.5555555555555556,3.0,9.0,-25000.0,-31723.0,0.00408720483684275,0.001928119700490478,0.44564713862446487
2025-05-12,7.0,33.0,14.0,2392.0,7.0,Monday,False,2025-05,0.42424242424242425,0.002926421404682274,21.0,21.0,1.0,-7.0,7.0,-25007.0,-31716.0,0.0040021871782037555,0.0019209453945612256,0.4533070712843975
2025-05-13,18.0,29.0,12.0,2394.0,11.0,Tuesday,False,2025-05,0.41379310344827586,0.004594820384294068,30.0,23.0,0.7666666666666667,6.0,1.0,-25001.0,-31715.0,0.00411005800260776,0.0018571853776684084,0.4498958736574045
2025-05-14,7.0,30.0,14.0,2394.0,11.0,Wednesday,False,2025-05,0.4666666666666667,0.004594820384294068,21.0,25.0,1.1904761904761905,-7.0,3.0,-25008.0,-31712.0,0.004143260667389372,0.001856632701805639,0.442374506136037
2025-05-15,15.0,31.0,14.0,2410.0,14.0,Thursday,False,2025-05,0.45161290322580644,0.005809128630705394,29.0,28.0,0.9655172413793104,1.0,0.0,-25007.0,-31712.0,0.0041727681779980845,0.0018763965560346684,0.44076160291023053
2025-05-18,13.0,28.0,14.0,2437.0,9.0,Sunday,True,2025-05,0.5,0.0036930652441526466,27.0,23.0,0.8518518518518519,-1.0,5.0,-25008.0,-31707.0,0.004221365808025941,0.001843066250592359,0.4437919059405336
2025-05-19,7.0,27.0,17.0,2457.0,6.0,Monday,False,2025-05,0.6296296296296297,0.002442002442002442,24.0,23.0,0.9583333333333334,-10.0,11.0,-25018.0,-31696.0,0.004169016446715367,0.0018712911947194246,0.4530148543791683
2025-05-21,14.0,62.0,13.0,2467.0,18.0,Wednesday,False,2025-05,0.20967741935483872,0.007296311309282529,27.0,31.0,1.1481481481481481,1.0,-5.0,-25017.0,-31701.0,0.004338185656802661,0.0019179529793378943,0.44246024204187345
2025-05-22,18.0,36.0,17.0,2473.0,15.0,Thursday,False,2025-05,0.4722222222222222,0.00606550748079256,35.0,32.0,0.9142857142857143,1.0,2.0,-25016.0,-31699.0,0.004452069018745194,0.0019156253824212694,0.4355343161159475
2025-05-27,6.0,24.0,7.0,2504.0,11.0,Tuesday,False,2025-05,0.2916666666666667,0.00439297124600639,13.0,18.0,1.3846153846153846,-1.0,-4.0,-25017.0,-31703.0,0.004466167913241541,0.001913510408895181,0.4331353262169576
2025-05-28,12.0,39.0,12.0,2499.0,14.0,Wednesday,False,2025-05,0.3076923076923077,0.0056022408963585435,24.0,26.0,1.0833333333333333,0.0,-2.0,-25017.0,-31705.0,0.004609107261560807,0.0018281899007928433,0.43057122365285505
2025-05-29,13.0,38.0,15.0,2506.0,11.0,Thursday,False,2025-05,0.39473684210526316,0.004389465283320032,28.0,26.0,0.9285714285714286,-2.0,4.0,-25019.0,-31701.0,0.00456553086332149,0.001816916335695854,0.43219065685123564
2025-06-01,8.0,24.0,16.0,2528.0,12.0,Sunday,True,2025-06,0.6666666666666666,0.004746835443037975,24.0,28.0,1.1666666666666667,-8.0,4.0,-25027.0,-31697.0,0.0046216881369112355,0.0017947468728367996,0.4333602474945105
2025-06-02,10.0,19.0,5.0,2518.0,16.0,Monday,False,2025-06,0.2631578947368421,0.006354249404289118,15.0,21.0,1.4,5.0,-11.0,-25022.0,-31708.0,0.004717098952933735,0.001808644765085299,0.43657662176351636
2025-06-03,5.0,23.0,11.0,2519.0,15.0,Tuesday,False,2025-06,0.4782608695652174,0.0059547439460103215,16.0,26.0,1.625,-6.0,-4.0,-25028.0,-31712.0,0.004711627713838041,0.0018045015985531504,0.4396981379285108
2025-06-04,4.0,16.0,9.0,2516.0,16.0,Wednesday,False,2025-06,0.5625,0.006359300476947536,13.0,25.0,1.9230769230769231,-5.0,-7.0,-25033.0,-31719.0,0.004865759132483942,0.0017377601850732663,0.44511480459517744
2025-06-05,8.0,26.0,5.0,2503.0,21.0,Thursday,False,2025-06,0.19230769230769232,0.008389932081502197,13.0,26.0,2.0,3.0,-16.0,-25030.0,-31735.0,0.0050587684225490365,0.0017979057306566906,0.44485839433876717
2025-06-08,10.0,16.0,15.0,2507.0,13.0,Sunday,True,2025-06,0.9375,0.005185480654168329,25.0,28.0,1.12,-5.0,2.0,-25035.0,-31733.0,0.00498577540603216,0.0017442666393424919,0.4515469908299953
2025-06-09,8.0,21.0,14.0,2516.0,9.0,Monday,False,2025-06,0.6666666666666666,0.003577106518282989,22.0,23.0,1.0454545454545454,-6.0,5.0,-25041.0,-31728.0,0.004945592000119853,0.001762894830359661,0.46797211160294216
2025-06-10,17.0,28.0,7.0,2511.0,12.0,Tuesday,False,2025-06,0.25,0.0047789725209080045,24.0,19.0,0.7916666666666666,10.0,-5.0,-25031.0,-31733.0,0.004915992508154771,0.0017578126846056526,0.4503795190103495
2025-06-17,7.0,24.0,10.0,2523.0,14.0,Tuesday,False,2025-06,0.4166666666666667,0.005548949663099485,17.0,24.0,1.411764705882353,-3.0,-4.0,-25034.0,-31737.0,0.005043011676267068,0.0016549468252086727,0.4542684078992384
2025-06-19,8.0,19.0,7.0,2501.0,18.0,Thursday,False,2025-06,0.3684210526315789,0.007197121151539384,15.0,25.0,1.6666666666666667,1.0,-11.0,-25033.0,-31748.0,0.005167325482026372,0.0016725121091895048,0.45116449426900895
2025-06-22,7.0,13.0,5.0,2508.0,7.0,Sunday,True,2025-06,0.38461538461538464,0.0027910685805422647,12.0,12.0,1.0,2.0,-2.0,-25031.0,-31750.0,0.005043347212488891,0.0017070158524832766,0.4493183404228551
2025-06-23,3.0,15.0,5.0,2495.0,17.0,Monday,False,2025-06,0.3333333333333333,0.006813627254509018,8.0,22.0,2.75,-2.0,-12.0,-25033.0,-31762.0,0.005097232954233677,0.001737282317258503,0.4516059221222016
2025-06-24,5.0,20.0,5.0,2489.0,16.0,Tuesday,False,2025-06,0.25,0.0064282844515869825,10.0,21.0,2.1,0.0,-11.0,-25033.0,-31773.0,0.005080228385649687,0.0017210601562283158,0.4453559221222016
2025-06-25,6.0,12.0,2.0,2470.0,24.0,Wednesday,False,2025-06,0.16666666666666666,0.009716599190283401,8.0,26.0,3.25,4.0,-22.0,-25029.0,-31795.0,0.005332737437888257,0.0018274286219521689,0.44015878950571413
2025-06-26,3.0,9.0,7.0,2447.0,35.0,Thursday,False,2025-06,0.7777777777777778,0.014303228442991417,10.0,42.0,4.2,-4.0,-28.0,-25033.0,-31823.0,0.005566411476221059,0.0024341982321141094,0.4509332002801249
2025-06-29,5.0,17.0,7.0,2413.0,20.0,Sunday,True,2025-06,0.4117647058823529,0.008288437629506838,12.0,27.0,2.25,-2.0,-13.0,-25035.0,-31836.0,0.005614675059168423,0.0024743545084243935,0.44849707431458713
2025-06-30,9.0,22.0,8.0,2407.0,16.0,Monday,False,2025-06,0.36363636363636365,0.006647278770253427,17.0,24.0,1.411764705882353,1.0,-8.0,-25034.0,-31844.0,0.0056934958433017815,0.002468114517890601,0.4439516197691326
2025-07-01,7.0,14.0,6.0,2391.0,22.0,Tuesday,False,2025-07,0.42857142857142855,0.009201171058134672,13.0,28.0,2.1538461538461537,1.0,-16.0,-25033.0,-31860.0,0.005844900119290147,0.0025407172728423412,0.43601511183262465
2025-07-02,8.0,20.0,9.0,2373.0,38.0,Wednesday,False,2025-07,0.45,0.016013485040033713,17.0,47.0,2.764705882352941,-1.0,-29.0,-25034.0,-31889.0,0.006336754232783934,0.0030074830049238955,0.43101511183262464
2025-07-06,4.0,17.0,2.0,2332.0,8.0,Sunday,True,2025-07,0.11764705882352941,0.003430531732418525,6.0,10.0,1.6666666666666667,2.0,-6.0,-25032.0,-31895.0,0.006353557910375143,0.002989123704123637,0.4207952663186615
2025-07-07,3.0,18.0,8.0,2317.0,20.0,Monday,False,2025-07,0.4444444444444444,0.008631851532153647,11.0,28.0,2.5454545454545454,-5.0,-12.0,-25037.0,-31907.0,0.006488125615303795,0.0029980750442814815,0.42181697768520043
2025-07-08,5.0,16.0,8.0,2306.0,20.0,Tuesday,False,2025-07,0.5,0.008673026886383347,13.0,28.0,2.1538461538461537,-3.0,-12.0,-25040.0,-31919.0,0.0066240658320401045,0.0030017234230950477,0.42292808879631155
2025-07-09,2.0,18.0,0.0,2281.0,32.0,Wednesday,False,2025-07,0.0,0.014028934677772907,2.0,32.0,16.0,2.0,-32.0,-25038.0,-31951.0,0.006898059366942354,0.003286417964159222,0.4078743253554514
2025-07-10,2.0,12.0,3.0,2252.0,39.0,Thursday,False,2025-07,0.25,0.017317939609236235,5.0,42.0,8.4,-1.0,-36.0,-25039.0,-31987.0,0.007352221845778475,0.003738567668932614,0.399540992022118
2025-07-13,1.0,13.0,4.0,2204.0,10.0,Sunday,True,2025-07,0.3076923076923077,0.004537205081669692,5.0,14.0,2.8,-3.0,-6.0,-25042.0,-31993.0,0.007422061933767383,0.0036624727556606785,0.38880974795754064
2025-07-14,2.0,9.0,1.0,2181.0,26.0,Monday,False,2025-07,0.1111111111111111,0.01192113709307657,3.0,27.0,9.0,1.0,-25.0,-25041.0,-32018.0,0.007576222793227184,0.0037532073219499304,0.38552420434941637
2025-07-15,0.0,8.0,5.0,2171.0,17.0,Tuesday,False,2025-07,0.625,0.00783049286043298,5.0,22.0,4.4,-5.0,-12.0,-25046.0,-32030.0,0.007635055639215198,0.0037425279315911573,0.39061679694200896
2025-07-16,1.0,9.0,0.0,2164.0,11.0,Wednesday,False,2025-07,0.0,0.005083179297597043,1.0,11.0,11.0,1.0,-11.0,-25045.0,-32041.0,0.00765806257426822,0.0037239857509351174,0.38089457471978677
2025-07-17,3.0,16.0,2.0,2153.0,17.0,Thursday,False,2025-07,0.125,0.007895959126799815,5.0,19.0,3.8,1.0,-15.0,-25044.0,-32056.0,0.007734519848616261,0.003703813723606908,0.37480483113004315
2025-07-21,4.0,18.0,7.0,2121.0,16.0,Monday,False,2025-07,0.3888888888888889,0.007543611504007544,11.0,23.0,2.090909090909091,-3.0,-9.0,-25047.0,-32065.0,0.007839658055972512,0.003649961178575017,0.374609899356164
2025-07-22,5.0,13.0,3.0,2117.0,16.0,Tuesday,False,2025-07,0.23076923076923078,0.007557864903164856,8.0,19.0,2.375,2.0,-13.0,-25045.0,-32078.0,0.007933359037976742,0.0036036128470585175,0.3600799848262495
2025-07-23,6.0,21.0,5.0,2111.0,14.0,Wednesday,False,2025-07,0.23809523809523808,0.006631927996210327,11.0,19.0,1.7272727272727273,1.0,-9.0,-25044.0,-32087.0,0.007942614991040781,0.0035997715748139906,0.359244562938196
2025-07-24,6.0,18.0,7.0,2096.0,29.0,Thursday,False,2025-07,0.3888888888888889,0.01383587786259542,13.0,36.0,2.769230769230769,-1.0,-22.0,-25045.0,-32109.0,0.008205319454926953,0.0037347428164952725,0.3562654969156517
2025-07-27,1.0,12.0,2.0,2088.0,4.0,Sunday,True,2025-07,0.16666666666666666,0.0019157088122605363,3.0,6.0,2.0,-1.0,-2.0,-25046.0,-32111.0,0.008057199732770718,0.003895151918873711,0.3430710524712073
2025-07-28,2.0,9.0,3.0,2080.0,14.0,Monday,False,2025-07,0.3333333333333333,0.006730769230769231,5.0,17.0,3.4,-1.0,-11.0,-25047.0,-32122.0,0.008001894304412954,0.0039020374519254343,0.3477719071720619
2025-07-29,2.0,8.0,3.0,2072.0,12.0,Tuesday,False,2025-07,0.375,0.005791505791505791,5.0,15.0,3.0,-1.0,-9.0,-25048.0,-32131.0,0.008022095142324203,0.0038884993175001357,0.3290219071720619
2025-07-30,4.0,15.0,4.0,2063.0,16.0,Wednesday,False,2025-07,0.26666666666666666,0.007755695588948134,8.0,20.0,2.5,0.0,-12.0,-25048.0,-32143.0,0.008161381444679707,0.003797564582353561,0.3156885738387286
2025-07-31,2.0,9.0,6.0,2058.0,15.0,Thursday,False,2025-07,0.6666666666666666,0.007288629737609329,8.0,21.0,2.625,-4.0,-9.0,-25052.0,-32152.0,0.008245036685236417,0.0037478014952844994,0.3295774627276175
2025-08-03,5.0,26.0,3.0,2049.0,5.0,Sunday,True,2025-08,0.11538461538461539,0.002440214738897023,8.0,8.0,1.0,2.0,-2.0,-25050.0,-32154.0,0.008141412187763002,0.0038660297593138757,0.31953472768488245
2025-08-04,5.0,22.0,11.0,2040.0,14.0,Monday,False,2025-08,0.5,0.006862745098039216,16.0,25.0,1.5625,-6.0,-3.0,-25056.0,-32157.0,0.008130266319312997,0.0038693266542030543,0.32392069259716316
2025-08-05,2.0,21.0,10.0,2042.0,14.0,Tuesday,False,2025-08,0.47619047619047616,0.0068560235063663075,12.0,24.0,2.0,-8.0,-4.0,-25064.0,-32161.0,0.008265764816840463,0.003745088005588792,0.3269731956496662
2025-08-06,4.0,17.0,3.0,2036.0,13.0,Wednesday,False,2025-08,0.17647058823529413,0.0063850687622789785,7.0,16.0,2.2857142857142856,1.0,-10.0,-25063.0,-32171.0,0.00825147953376613,0.003751629682615092,0.3217444374797316
2025-08-07,4.0,18.0,6.0,2031.0,17.0,Thursday,False,2025-08,0.3333333333333333,0.008370260955194485,10.0,23.0,2.3,-2.0,-11.0,-25065.0,-32182.0,0.00831621208388638,0.003735807130700195,0.32452221525750935
2025-08-10,0.0,18.0,8.0,2006.0,12.0,Sunday,True,2025-08,0.4444444444444444,0.005982053838484547,8.0,20.0,2.5,-8.0,-4.0,-25073.0,-32186.0,0.008191727238826418,0.003749729686732136,0.3337814745167686
2025-08-11,6.0,23.0,4.0,1999.0,16.0,Monday,False,2025-08,0.17391304347826086,0.0080040020010005,10.0,20.0,2.0,2.0,-12.0,-25071.0,-32198.0,0.007981753024093388,0.003567650765990336,0.31365265004011805
2025-08-12,8.0,38.0,9.0,1999.0,9.0,Tuesday,False,2025-08,0.23684210526315788,0.004502251125562781,17.0,18.0,1.0588235294117647,-1.0,0.0,-25072.0,-32198.0,0.007855546807295253,0.003622967279749821,0.3078218966861449
2025-08-13,6.0,22.0,12.0,1997.0,17.0,Wednesday,False,2025-08,0.5454545454545454,0.008512769153730596,18.0,29.0,1.6111111111111112,-6.0,-5.0,-25078.0,-32203.0,0.007917729820077825,0.0036175191210559283,0.31388250274675095
2025-08-14,3.0,27.0,4.0,1994.0,11.0,Thursday,False,2025-08,0.14814814814814814,0.005516549648946841,7.0,15.0,2.142857142857143,-1.0,-7.0,-25079.0,-32210.0,0.0077949091064382315,0.0036349490823957033,0.3045350600659749
2025-08-17,4.0,14.0,2.0,1991.0,3.0,Sunday,True,2025-08,0.14285714285714285,0.0015067805123053742,6.0,5.0,0.8333333333333334,2.0,-1.0,-25077.0,-32211.0,0.0073113522888472865,0.00346486574891232,0.2942969648278797
2025-08-18,4.0,20.0,6.0,1985.0,14.0,Monday,False,2025-08,0.3,0.007052896725440806,10.0,20.0,2.0,-2.0,-8.0,-25079.0,-32219.0,0.007432097788614696,0.0033872081469757086,0.30037539620042875
2025-08-19,5.0,35.0,3.0,1980.0,11.0,Tuesday,False,2025-08,0.08571428571428572,0.005555555555555556,8.0,14.0,1.75,2.0,-8.0,-25077.0,-32227.0,0.007329554589394759,0.003396188230300667,0.28841772424275675
2025-08-20,10.0,38.0,10.0,1983.0,10.0,Wednesday,False,2025-08,0.2631578947368421,0.005042864346949067,20.0,20.0,1.0,0.0,0.0,-25077.0,-32227.0,0.007208549171413616,0.0034113072905693027,0.2805229874006515
2025-08-21,6.0,49.0,8.0,1972.0,21.0,Thursday,False,2025-08,0.16326530612244897,0.010649087221095335,14.0,29.0,2.0714285714285716,-2.0,-13.0,-25079.0,-32240.0,0.007095887589524365,0.0032292433732408845,0.28596516427139984
2025-08-24,4.0,21.0,5.0,1981.0,5.0,Sunday,True,2025-08,0.23809523809523808,0.002523977788995457,9.0,10.0,1.1111111111111112,-1.0,0.0,-25080.0,-32240.0,0.006602755528849672,0.0027007598228282943,0.2855683388745744
2025-08-25,8.0,30.0,8.0,1980.0,11.0,Monday,False,2025-08,0.26666666666666666,0.005555555555555556,16.0,19.0,1.1875,0.0,-3.0,-25080.0,-32243.0,0.006636700544645866,0.0026802249404365287,0.28420081750705306
2025-08-26,10.0,21.0,20.0,1989.0,15.0,Tuesday,False,2025-08,0.9523809523809523,0.007541478129713424,30.0,35.0,1.1666666666666667,-10.0,5.0,-25090.0,-32238.0,0.006490711912533762,0.0024953649351773903,0.31224314554938104
2025-08-27,5.0,19.0,9.0,1988.0,19.0,Wednesday,False,2025-08,0.47368421052631576,0.009557344064386318,14.0,28.0,2.0,-4.0,-10.0,-25094.0,-32248.0,0.0065482736193322065,0.0025467244540132855,0.30719928590025825
2025-08-28,8.0,33.0,6.0,1984.0,17.0,Thursday,False,2025-08,0.18181818181818182,0.008568548387096774,14.0,23.0,1.6428571428571428,2.0,-11.0,-25092.0,-32259.0,0.006664452588982198,0.0025570621617423996,0.31325989196086435
2025-09-01,10.0,29.0,17.0,2010.0,5.0,Monday,False,2025-09,0.5862068965517241,0.0024875621890547263,27.0,22.0,0.8148148148148148,-7.0,12.0,-25099.0,-32247.0,0.006484172691057361,0.0026559836146920783,0.32863345517925513
2025-09-02,6.0,35.0,9.0,2020.0,9.0,Tuesday,False,2025-09,0.2571428571428571,0.004455445544554455,15.0,18.0,1.2,-3.0,0.0,-25102.0,-32247.0,0.006381233825742258,0.0026732948211360542,0.3242419207877207
2025-09-03,4.0,29.0,11.0,2019.0,10.0,Wednesday,False,2025-09,0.3793103448275862,0.004952947003467063,15.0,21.0,1.4,-7.0,1.0,-25109.0,-32246.0,0.006294403229085666,0.002676062514085589,0.3291932912563326
2025-09-04,11.0,40.0,2.0,2015.0,14.0,Thursday,False,2025-09,0.05,0.006947890818858561,13.0,16.0,1.2307692307692308,9.0,-12.0,-25100.0,-32258.0,0.00630493532317394,0.0026780577245904356,0.32292344998649125
2025-09-07,4.0,19.0,9.0,2026.0,7.0,Sunday,True,2025-09,0.47368421052631576,0.0034550839091806516,13.0,16.0,1.2307692307692308,-5.0,2.0,-25105.0,-32256.0,0.005958908858060113,0.002317864134424651,0.32574996070773893
2025-09-08,7.0,25.0,5.0,2025.0,6.0,Monday,False,2025-09,0.2,0.002962962962962963,12.0,11.0,0.9166666666666666,2.0,-1.0,-25103.0,-32257.0,0.005993817329750195,0.002262086291976073,0.32686107181884994
2025-09-09,18.0,42.0,11.0,2023.0,14.0,Tuesday,False,2025-09,0.2619047619047619,0.006920415224913495,29.0,25.0,0.8620689655172413,7.0,-3.0,-25096.0,-32260.0,0.006000138862888337,0.002264480484528517,0.3244801194378976
2025-09-10,10.0,47.0,14.0,2025.0,18.0,Wednesday,False,2025-09,0.2978723404255319,0.008888888888888889,24.0,32.0,1.3333333333333333,-4.0,-4.0,-25100.0,-32264.0,0.00610338496613444,0.002324456482994232,0.321909197452082
2025-09-11,12.0,38.0,29.0,2047.0,6.0,Thursday,False,2025-09,0.7631578947368421,0.0029311187103077674,41.0,35.0,0.8536585365853658,-17.0,23.0,-25117.0,-32241.0,0.005942565736846428,0.0023725956858507706,0.33845890505442117
2025-09-14,7.0,39.0,13.0,2083.0,5.0,Sunday,True,2025-09,0.3333333333333333,0.002400384061449832,20.0,18.0,0.9,-6.0,8.0,-25123.0,-32233.0,0.005779624214307778,0.002443751799726733,0.3273477939433101
2025-09-15,9.0,47.0,10.0,2086.0,10.0,Monday,False,2025-09,0.2127659574468085,0.004793863854266539,19.0,20.0,1.0526315789473684,-1.0,0.0,-25124.0,-32233.0,0.005858079184820095,0.0023694985303339285,0.3305938386787165
2025-09-16,7.0,28.0,17.0,2095.0,12.0,Tuesday,False,2025-09,0.6071428571428571,0.005727923627684964,24.0,29.0,1.2083333333333333,-10.0,5.0,-25134.0,-32228.0,0.005820251802474954,0.002361952982236645,0.3341652672501451
2025-09-17,7.0,38.0,5.0,2096.0,13.0,Wednesday,False,2025-09,0.13157894736842105,0.006202290076335878,12.0,18.0,1.5,2.0,-8.0,-25132.0,-32236.0,0.005798460688140606,0.002355073170096884,0.32267821628940996
2025-09-18,20.0,52.0,11.0,2096.0,14.0,Thursday,False,2025-09,0.21153846153846154,0.006679389312977099,31.0,25.0,0.8064516129032258,9.0,-3.0,-25123.0,-32239.0,0.005808271373163877,0.0023582120505249286,0.3238471453995155
2025-09-21,8.0,35.0,13.0,2134.0,5.0,Sunday,True,2025-09,0.37142857142857144,0.0023430178069353325,21.0,18.0,0.8571428571428571,-5.0,8.0,-25128.0,-32231.0,0.0056073632682219045,0.0023889618856594505,0.3251169866693568
2025-09-22,17.0,40.0,14.0,2141.0,10.0,Monday,False,2025-09,0.35,0.004670714619336758,31.0,24.0,0.7741935483870968,3.0,4.0,-25125.0,-32227.0,0.005563651960916978,0.0023938615835831277,0.32196883852120867
2025-09-23,11.0,36.0,10.0,2145.0,15.0,Tuesday,False,2025-09,0.2777777777777778,0.006993006993006993,21.0,25.0,1.1904761904761905,1.0,-5.0,-25124.0,-32232.0,0.005529952127317194,0.002365268099445521,0.3254309963311925
2025-09-24,3.0,38.0,12.0,2138.0,17.0,Wednesday,False,2025-09,0.3157894736842105,0.007951356407857811,15.0,29.0,1.9333333333333333,-9.0,-5.0,-25133.0,-32237.0,0.005644922303393696,0.002397202301711425,0.3280625752785609
2025-09-25,6.0,35.0,12.0,2132.0,18.0,Thursday,False,2025-09,0.34285714285714286,0.008442776735459663,18.0,30.0,1.6666666666666667,-6.0,-6.0,-25139.0,-32243.0,0.005642589222784665,0.002394347279514788,0.3213093285253142
2025-09-28,11.0,29.0,12.0,2146.0,9.0,Sunday,True,2025-09,0.41379310344827586,0.004193849021435228,23.0,21.0,0.9130434782608695,-1.0,3.0,-25140.0,-32240.0,0.005598499201867611,0.0024088823581814352,0.33016416036865176
2025-09-29,8.0,35.0,12.0,2148.0,13.0,Monday,False,2025-09,0.34285714285714286,0.006052141527001862,20.0,25.0,1.25,-4.0,-1.0,-25144.0,-32241.0,0.005750011235690827,0.0022822679651973697,0.33683082703531847
2025-09-30,8.0,32.0,12.0,2159.0,7.0,Tuesday,False,2025-09,0.375,0.003242241778601204,20.0,19.0,0.95,-4.0,5.0,-25148.0,-32236.0,0.005622989404129507,0.0023130888854198503,0.33933082703531847
2025-10-01,4.0,33.0,12.0,2163.0,14.0,Wednesday,False,2025-10,0.36363636363636365,0.006472491909385114,16.0,26.0,1.625,-8.0,-2.0,-25156.0,-32238.0,0.005653553949257159,0.0023182194936666733,0.3485948962993877
2025-10-02,20.0,51.0,15.0,2164.0,16.0,Thursday,False,2025-10,0.29411764705882354,0.0073937153419593345,35.0,31.0,0.8857142857142857,5.0,-1.0,-25151.0,-32239.0,0.0057319156490908355,0.002336524904166577,0.3496268880434537
2025-10-05,8.0,28.0,13.0,2180.0,16.0,Sunday,True,2025-10,0.4642857142857143,0.007339449541284404,21.0,29.0,1.380952380952381,-5.0,-3.0,-25156.0,-32242.0,0.005621594393097137,0.002168437986727718,0.3596609016488959
2025-10-06,5.0,33.0,15.0,2187.0,10.0,Monday,False,2025-10,0.45454545454545453,0.004572473708276178,20.0,25.0,1.25,-10.0,5.0,-25166.0,-32237.0,0.005689877590406494,0.002098662328480382,0.3668759088639032
2025-10-07,11.0,45.0,4.0,2189.0,10.0,Tuesday,False,2025-10,0.08888888888888889,0.0045682960255824575,15.0,14.0,0.9333333333333333,7.0,-6.0,-25159.0,-32243.0,0.005656968939407392,0.002108558397208267,0.3609499829379772
2025-10-08,8.0,49.0,15.0,2192.0,17.0,Wednesday,False,2025-10,0.30612244897959184,0.007755474452554745,23.0,32.0,1.391304347826087,-7.0,-2.0,-25166.0,-32245.0,0.005664102150168769,0.0021155040235674855,0.3394080328245986
2025-10-09,11.0,55.0,13.0,2192.0,12.0,Thursday,False,2025-10,0.23636363636363636,0.005474452554744526,24.0,25.0,1.0416666666666667,-2.0,1.0,-25168.0,-32244.0,0.005528005766514041,0.001983625455949921,0.3314973470191759
2025-10-13,8.0,24.0,7.0,2223.0,6.0,Monday,False,2025-10,0.2916666666666667,0.002699055330634278,15.0,13.0,0.8666666666666667,1.0,1.0,-25167.0,-32243.0,0.005332355997965292,0.001962739330615213,0.335158963180792
2025-10-14,7.0,30.0,16.0,2235.0,8.0,Tuesday,False,2025-10,0.5333333333333333,0.0035794183445190158,23.0,24.0,1.0434782608695652,-9.0,8.0,-25176.0,-32235.0,0.005368751203147435,0.0019177773143103415,0.3333965110735123
2025-10-15,8.0,29.0,10.0,2225.0,15.0,Wednesday,False,2025-10,0.3448275862068966,0.006741573033707865,18.0,25.0,1.3888888888888888,-2.0,-5.0,-25178.0,-32240.0,0.005444955452785882,0.0019256393914729312,0.336319335375647
2025-10-16,9.0,33.0,15.0,2233.0,9.0,Thursday,False,2025-10,0.45454545454545453,0.004030452306314375,24.0,24.0,1.0,-6.0,6.0,-25184.0,-32234.0,0.005414205629547459,0.0019410706715098538,0.3388271723662426
2025-10-19,9.0,34.0,17.0,2237.0,7.0,Sunday,True,2025-10,0.5,0.0031291908806437194,26.0,24.0,0.9230769230769231,-8.0,10.0,-25192.0,-32224.0,0.005286915631606964,0.0019621234542129135,0.35382717236624267
2025-10-20,10.0,39.0,6.0,2243.0,7.0,Monday,False,2025-10,0.15384615384615385,0.003120820329915292,16.0,13.0,0.8125,4.0,-1.0,-25188.0,-32225.0,0.00527577351229812,0.001973798735762596,0.3431659038102372
2025-10-21,13.0,39.0,17.0,2251.0,9.0,Tuesday,False,2025-10,0.4358974358974359,0.003998223011994669,30.0,26.0,0.8666666666666667,-4.0,8.0,-25192.0,-32217.0,0.005310282180599176,0.0019407417638777028,0.3510291516734851
2025-10-22,12.0,42.0,13.0,2261.0,12.0,Wednesday,False,2025-10,0.30952380952380953,0.005307386112339673,25.0,25.0,1.0,-1.0,1.0,-25193.0,-32216.0,0.005256514543513382,0.0019167917739033194,0.35261645326078667
2025-10-23,4.0,27.0,26.0,2266.0,18.0,Thursday,False,2025-10,0.9629629629629629,0.00794351279788173,30.0,44.0,1.4666666666666666,-22.0,8.0,-25215.0,-32208.0,0.005225002007146476,0.0018620035137026335,0.37478614067870103
2025-10-26,4.0,35.0,12.0,2276.0,10.0,Sunday,True,2025-10,0.34285714285714286,0.004393673110720563,16.0,22.0,1.375,-8.0,2.0,-25223.0,-32206.0,0.00527375382049357,0.0018185117109363413,0.3607761156160444
2025-10-27,2.0,31.0,8.0,2282.0,11.0,Monday,False,2025-10,0.25806451612903225,0.004820333041191937,10.0,19.0,1.9,-6.0,-3.0,-25229.0,-32209.0,0.005354418786484974,0.0017385754371614214,0.3582671550425677
2025-10-28,6.0,22.0,11.0,2286.0,6.0,Tuesday,False,2025-10,0.5,0.0026246719160104987,17.0,17.0,1.0,-5.0,5.0,-25234.0,-32204.0,0.005282112388543105,0.0018064743874193422,0.3678416231276741
2025-10-29,6.0,25.0,4.0,2280.0,17.0,Wednesday,False,2025-10,0.16,0.007456140350877193,10.0,21.0,2.1,2.0,-13.0,-25232.0,-32217.0,0.0053397196126495124,0.0018482539179531753,0.3529368612229122
2025-10-30,3.0,17.0,14.0,2287.0,12.0,Thursday,False,2025-10,0.8235294117647058,0.005247048535198951,17.0,26.0,1.5294117647058822,-11.0,2.0,-25243.0,-32215.0,0.005307878227944949,0.0018410957917915415,0.37600187670278834
2025-11-02,5.0,21.0,10.0,2277.0,7.0,Sunday,True,2025-11,0.47619047619047616,0.0030742204655248135,15.0,17.0,1.1333333333333333,-5.0,3.0,-25248.0,-32212.0,0.005187705933029873,0.0018659777935194322,0.3848236105245222
2025-11-03,3.0,28.0,5.0,2269.0,12.0,Monday,False,2025-11,0.17857142857142858,0.005288673424416042,8.0,17.0,2.125,-2.0,-7.0,-25250.0,-32219.0,0.0052858944536125635,0.001786954980654281,0.37839503909595074
2025-11-04,6.0,33.0,6.0,2270.0,8.0,Tuesday,False,2025-11,0.18181818181818182,0.003524229074889868,12.0,14.0,1.1666666666666667,0.0,-2.0,-25250.0,-32221.0,0.005247678268797667,0.0018126399052620632,0.3727889784898901
2025-11-05,8.0,41.0,8.0,2272.0,7.0,Wednesday,False,2025-11,0.1951219512195122,0.0030809859154929575,16.0,15.0,0.9375,0.0,1.0,-25250.0,-32220.0,0.0051172775662138665,0.0018234345431326652,0.3700337842712813
2025-11-06,6.0,33.0,9.0,2264.0,19.0,Thursday,False,2025-11,0.2727272727272727,0.008392226148409895,15.0,28.0,1.8666666666666667,-3.0,-10.0,-25253.0,-32230.0,0.005131973224232269,0.0018486649322857539,0.3685983775727167
2025-11-09,11.0,33.0,5.0,2294.0,4.0,Sunday,True,2025-11,0.15151515151515152,0.0017436791630340018,16.0,9.0,0.5625,6.0,1.0,-25247.0,-32229.0,0.00490866997181808,0.0018395322250512884,0.3622203111946503
2025-11-11,11.0,39.0,12.0,2294.0,14.0,Tuesday,False,2025-11,0.3076923076923077,0.006102877070619006,23.0,26.0,1.1304347826086956,-1.0,-2.0,-25248.0,-32231.0,0.0049723042401242055,0.0018469561856881227,0.3586836180027847
2025-11-12,14.0,48.0,20.0,2302.0,7.0,Wednesday,False,2025-11,0.4166666666666667,0.0030408340573414424,34.0,27.0,0.7941176470588235,-6.0,13.0,-25254.0,-32218.0,0.004871927324468858,0.0018679550883311964,0.36114393546310214
2025-11-13,6.0,26.0,16.0,2317.0,5.0,Thursday,False,2025-11,0.6153846153846154,0.0021579628830384117,22.0,21.0,0.9545454545454546,-10.0,11.0,-25264.0,-32207.0,0.004835784694616765,0.0019105782611628153,0.3691567559759227
2025-11-16,5.0,22.0,3.0,2340.0,5.0,Sunday,True,2025-11,0.13636363636363635,0.002136752136752137,8.0,8.0,1.0,2.0,-2.0,-25262.0,-32209.0,0.004691260035528999,0.0019461572605222,0.3615809984001651
2025-11-17,1.0,35.0,6.0,2343.0,8.0,Monday,False,2025-11,0.17142857142857143,0.0034144259496372174,7.0,14.0,2.0,-5.0,-2.0,-25267.0,-32211.0,0.004558617055784929,0.0018904253325020093,0.3574913625458233
2025-11-18,2.0,38.0,8.0,2345.0,12.0,Tuesday,False,2025-11,0.21052631578947367,0.00511727078891258,10.0,20.0,2.0,-6.0,-4.0,-25273.0,-32215.0,0.004484544430705868,0.0018199279283071625,0.34903271592928203
2025-11-19,7.0,32.0,3.0,2340.0,10.0,Wednesday,False,2025-11,0.09375,0.004273504273504274,10.0,13.0,1.3,4.0,-7.0,-25269.0,-32222.0,0.004474578782880138,0.001820248365288608,0.33700620077776683
2025-11-20,18.0,57.0,8.0,2340.0,9.0,Thursday,False,2025-11,0.14035087719298245,0.0038461538461538464,26.0,17.0,0.6538461538461539,10.0,-1.0,-25259.0,-32223.0,0.004450507376899184,0.0018237378368640964,0.33872160038790333
2025-11-23,3.0,46.0,22.0,2375.0,1.0,Sunday,True,2025-11,0.4782608695652174,0.0004210526315789474,25.0,23.0,0.92,-19.0,21.0,-25278.0,-32202.0,0.004206026649533324,0.0018567225910421123,0.3444595477407575
2025-11-24,9.0,40.0,9.0,2371.0,13.0,Monday,False,2025-11,0.225,0.005482918599746942,18.0,22.0,1.2222222222222223,0.0,-4.0,-25278.0,-32206.0,0.004206308851033404,0.0018569226583050747,0.3440807598619696
2025-11-25,6.0,47.0,14.0,2375.0,11.0,Tuesday,False,2025-11,0.2978723404255319,0.0046315789473684215,20.0,25.0,1.25,-8.0,3.0,-25286.0,-32203.0,0.004270726304924543,0.0018362371967393244,0.3442876156539318
2025-11-27,4.0,24.0,8.0,2389.0,7.0,Thursday,False,2025-11,0.3333333333333333,0.0029300962745918793,12.0,15.0,1.25,-4.0,1.0,-25290.0,-32202.0,0.004249082235926972,0.001848452964045882,0.33762094898726513
2025-11-30,4.0,18.0,10.0,2415.0,0.0,Sunday,True,2025-11,0.5555555555555556,0.0,14.0,10.0,0.7142857142857143,-6.0,10.0,-25296.0,-32192.0,0.004024363134803376,0.001942392780396557,0.3446452146322204
2025-12-01,4.0,26.0,4.0,2410.0,9.0,Monday,False,2025-12,0.15384615384615385,0.0037344398340248964,8.0,13.0,1.625,0.0,-5.0,-25296.0,-32197.0,0.004014496052393727,0.001943112499180113,0.33462190460891045
2025-12-02,7.0,34.0,6.0,2407.0,8.0,Tuesday,False,2025-12,0.17647058823529413,0.0033236393851267137,13.0,14.0,1.0769230769230769,1.0,-2.0,-25295.0,-32199.0,0.004020977669209827,0.0019403799547627976,0.32383759088342023
2025-12-03,4.0,32.0,8.0,2419.0,7.0,Wednesday,False,2025-12,0.25,0.0028937577511368336,12.0,15.0,1.25,-4.0,1.0,-25299.0,-32198.0,0.004013408916583878,0.0019444508100129303,0.32704271908854843
2025-12-04,16.0,39.0,7.0,2418.0,13.0,Thursday,False,2025-12,0.1794871794871795,0.005376344086021506,23.0,20.0,0.8695652173913043,9.0,-6.0,-25290.0,-32204.0,0.0040593462857181056,0.0019602940844832524,0.31849571054153986
2025-12-07,4.0,24.0,13.0,2429.0,12.0,Sunday,True,2025-12,0.5416666666666666,0.004940304652120214,17.0,25.0,1.4705882352941178,-9.0,1.0,-25299.0,-32203.0,0.0040471102370441235,0.0019533686785867324,0.3262338057796351
2025-12-08,9.0,27.0,9.0,2440.0,4.0,Monday,False,2025-12,0.3333333333333333,0.001639344262295082,18.0,13.0,0.7222222222222222,0.0,5.0,-25299.0,-32198.0,0.0038369712858579022,0.0018564376281480432,0.3052461514586475
2025-12-09,4.0,30.0,7.0,2443.0,8.0,Tuesday,False,2025-12,0.23333333333333334,0.003274662300450266,11.0,15.0,1.3636363636363635,-3.0,-1.0,-25302.0,-32199.0,0.003799670925515559,0.0018561082228752514,0.3015953578078538
2025-12-10,10.0,54.0,5.0,2439.0,9.0,Wednesday,False,2025-12,0.09259259259259259,0.0036900369003690036,15.0,14.0,0.9333333333333333,5.0,-4.0,-25297.0,-32203.0,0.003761994387488128,0.0018461206029204106,0.2960796270233058
2025-12-11,7.0,47.0,9.0,2437.0,10.0,Thursday,False,2025-12,0.19148936170212766,0.004103405826836274,16.0,19.0,1.1875,-2.0,-1.0,-25299.0,-32204.0,0.0038112855178489874,0.0018344110023065074,0.2857959390800434
2025-12-14,8.0,35.0,4.0,2462.0,8.0,Sunday,True,2025-12,0.11428571428571428,0.003249390739236393,12.0,12.0,1.0,4.0,-4.0,-25295.0,-32208.0,0.003671060530794294,0.001702206636982792,0.2842721295562339
2025-12-15,11.0,42.0,9.0,2470.0,7.0,Monday,False,2025-12,0.21428571428571427,0.002834008097165992,20.0,16.0,0.8,2.0,2.0,-25293.0,-32206.0,0.0035906258495265286,0.0016820609491474295,0.2639640063069341
2025-12-16,8.0,54.0,15.0,2468.0,9.0,Tuesday,False,2025-12,0.2777777777777778,0.003646677471636953,23.0,24.0,1.0434782608695652,-7.0,6.0,-25300.0,-32200.0,0.0036097077497302668,0.00167924537402154,0.25735024969317755
2025-12-17,7.0,31.0,11.0,2481.0,10.0,Wednesday,False,2025-12,0.3548387096774194,0.004030632809351068,18.0,21.0,1.1666666666666667,-4.0,1.0,-25304.0,-32199.0,0.0035677730625614337,0.0016513482724252585,0.2632258257300439
2025-12-18,11.0,50.0,6.0,2472.0,16.0,Thursday,False,2025-12,0.12,0.006472491909385114,17.0,22.0,1.2941176470588236,5.0,-10.0,-25299.0,-32209.0,0.0036660484903779426,0.0017343123062954731,0.26116521966943784
2025-12-21,6.0,18.0,11.0,2484.0,14.0,Sunday,True,2025-12,0.6111111111111112,0.005636070853462158,17.0,25.0,1.4705882352941178,-5.0,-3.0,-25304.0,-32212.0,0.003751217988310249,0.0017670198044520751,0.27503152499915784
